Customer_ID,Review_Text
1,"There’s a serious bribery problem here, and they are doing nothing to fix it."
2,"Bribery seems to be a regular occurrence in this company, and they don’t take it seriously."
3,I was impressed by their zero-tolerance policy towards bribery and unethical practices.
4,"There’s a serious bribery problem here, and they are doing nothing to fix it."
5,"I witnessed clear cases of bribery, and no action was taken against the employees involved."
6,The company’s strong stance against bribery gave me confidence in their integrity.
7,"They followed up on the bribery claims, but I wasn’t fully convinced by their response."
8,"The company addressed the bribery concerns, though it took a while for them to act."
9,They took immediate action against any form of bribery and ensured transparency in their process.
10,"The bribery within the company is shocking, and it's eroding trust."
11,The company handled the bribery accusation seriously and acted quickly to resolve the situation.
12,"There were rumors of bribery, but they managed to clarify the situation eventually."
13,"They followed up on the bribery claims, but I wasn’t fully convinced by their response."
14,"They thoroughly investigated and addressed the bribery claims, restoring trust."
15,The company handled the bribery accusation seriously and acted quickly to resolve the situation.
16,The company’s strong stance against bribery gave me confidence in their integrity.
17,"The bribery within the company is shocking, and it's eroding trust."
18,"They followed up on the bribery claims, but I wasn’t fully convinced by their response."
19,"I heard about bribery issues within the company, but it didn’t affect me personally."
20,"There were rumors of bribery, but they managed to clarify the situation eventually."
21,"The bribery within the company is shocking, and it's eroding trust."
22,"The bribery within the company is shocking, and it's eroding trust."
23,"There’s a serious bribery problem here, and they are doing nothing to fix it."
24,The company is corrupt; there were clear signs of bribery during the process.
25,The company is corrupt; there were clear signs of bribery during the process.
26,"They thoroughly investigated and addressed the bribery claims, restoring trust."
27,"There were rumors of bribery, but they managed to clarify the situation eventually."
28,"They followed up on the bribery claims, but I wasn’t fully convinced by their response."
29,The company handled the bribery accusation seriously and acted quickly to resolve the situation.
30,"They thoroughly investigated and addressed the bribery claims, restoring trust."
31,They took immediate action against any form of bribery and ensured transparency in their process.
32,The company handled the bribery accusation seriously and acted quickly to resolve the situation.
33,"They thoroughly investigated and addressed the bribery claims, restoring trust."
34,They took immediate action against any form of bribery and ensured transparency in their process.
35,"There were rumors of bribery, but they managed to clarify the situation eventually."
36,"They followed up on the bribery claims, but I wasn’t fully convinced by their response."
37,The company is corrupt; there were clear signs of bribery during the process.
38,"The bribery within the company is shocking, and it's eroding trust."
39,"Bribery allegations were floating around, but the company handled it as expected."
40,"Bribery allegations were floating around, but the company handled it as expected."
41,"The bribery within the company is shocking, and it's eroding trust."
42,"There were rumors of bribery, but they managed to clarify the situation eventually."
43,"Bribery seems to be a regular occurrence in this company, and they don’t take it seriously."
44,"I heard about bribery issues within the company, but it didn’t affect me personally."
45,"There’s a serious bribery problem here, and they are doing nothing to fix it."
46,The company handled the bribery accusation seriously and acted quickly to resolve the situation.
47,"The company addressed the bribery concerns, though it took a while for them to act."
48,"I heard about bribery issues within the company, but it didn’t affect me personally."
49,"Bribery seems to be a regular occurrence in this company, and they don’t take it seriously."
50,"They followed up on the bribery claims, but I wasn’t fully convinced by their response."
51,"They followed up on the bribery claims, but I wasn’t fully convinced by their response."
52,The company handled the bribery accusation seriously and acted quickly to resolve the situation.
53,"Bribery allegations were floating around, but the company handled it as expected."
54,The company handled the bribery accusation seriously and acted quickly to resolve the situation.
55,"The bribery within the company is shocking, and it's eroding trust."
56,The company handled the bribery accusation seriously and acted quickly to resolve the situation.
57,The company handled the bribery accusation seriously and acted quickly to resolve the situation.
58,"There’s a serious bribery problem here, and they are doing nothing to fix it."
59,The company is corrupt; there were clear signs of bribery during the process.
60,The company handled the bribery accusation seriously and acted quickly to resolve the situation.
61,The company’s strong stance against bribery gave me confidence in their integrity.
62,"Bribery allegations were floating around, but the company handled it as expected."
63,"The company addressed the bribery concerns, though it took a while for them to act."
64,"The company addressed the bribery concerns, though it took a while for them to act."
65,They took immediate action against any form of bribery and ensured transparency in their process.
66,"The bribery within the company is shocking, and it's eroding trust."
67,The company is corrupt; there were clear signs of bribery during the process.
68,"The bribery within the company is shocking, and it's eroding trust."
69,"I witnessed clear cases of bribery, and no action was taken against the employees involved."
70,"They thoroughly investigated and addressed the bribery claims, restoring trust."
71,"Bribery allegations were floating around, but the company handled it as expected."
72,"The company addressed the bribery concerns, though it took a while for them to act."
73,"They thoroughly investigated and addressed the bribery claims, restoring trust."
74,"Bribery seems to be a regular occurrence in this company, and they don’t take it seriously."
75,The company’s strong stance against bribery gave me confidence in their integrity.
76,The company handled the bribery accusation seriously and acted quickly to resolve the situation.
77,They took immediate action against any form of bribery and ensured transparency in their process.
78,"There’s a serious bribery problem here, and they are doing nothing to fix it."
79,"I witnessed clear cases of bribery, and no action was taken against the employees involved."
80,I was impressed by their zero-tolerance policy towards bribery and unethical practices.
81,"The company addressed the bribery concerns, though it took a while for them to act."
82,I was impressed by their zero-tolerance policy towards bribery and unethical practices.
83,The company’s strong stance against bribery gave me confidence in their integrity.
84,"The company addressed the bribery concerns, though it took a while for them to act."
85,"Bribery seems to be a regular occurrence in this company, and they don’t take it seriously."
86,"There were rumors of bribery, but they managed to clarify the situation eventually."
87,They took immediate action against any form of bribery and ensured transparency in their process.
88,They took immediate action against any form of bribery and ensured transparency in their process.
89,I was impressed by their zero-tolerance policy towards bribery and unethical practices.
90,"The company addressed the bribery concerns, though it took a while for them to act."
91,"I heard about bribery issues within the company, but it didn’t affect me personally."
92,"Bribery seems to be a regular occurrence in this company, and they don’t take it seriously."
93,"There’s a serious bribery problem here, and they are doing nothing to fix it."
94,The company is corrupt; there were clear signs of bribery during the process.
95,The company handled the bribery accusation seriously and acted quickly to resolve the situation.
96,"They followed up on the bribery claims, but I wasn’t fully convinced by their response."
97,"I witnessed clear cases of bribery, and no action was taken against the employees involved."
98,They took immediate action against any form of bribery and ensured transparency in their process.
99,"Bribery seems to be a regular occurrence in this company, and they don’t take it seriously."
100,I was impressed by their zero-tolerance policy towards bribery and unethical practices.
101,"They followed up on the bribery claims, but I wasn’t fully convinced by their response."
102,"There were rumors of bribery, but they managed to clarify the situation eventually."
103,The company’s strong stance against bribery gave me confidence in their integrity.
104,"They followed up on the bribery claims, but I wasn’t fully convinced by their response."
105,They took immediate action against any form of bribery and ensured transparency in their process.
106,"The bribery within the company is shocking, and it's eroding trust."
107,"There were rumors of bribery, but they managed to clarify the situation eventually."
108,They took immediate action against any form of bribery and ensured transparency in their process.
109,"There’s a serious bribery problem here, and they are doing nothing to fix it."
110,The company is corrupt; there were clear signs of bribery during the process.
111,"Bribery allegations were floating around, but the company handled it as expected."
112,"The bribery within the company is shocking, and it's eroding trust."
113,"They thoroughly investigated and addressed the bribery claims, restoring trust."
114,"They thoroughly investigated and addressed the bribery claims, restoring trust."
115,The company’s strong stance against bribery gave me confidence in their integrity.
116,"They followed up on the bribery claims, but I wasn’t fully convinced by their response."
117,I was impressed by their zero-tolerance policy towards bribery and unethical practices.
118,"The company addressed the bribery concerns, though it took a while for them to act."
119,"I witnessed clear cases of bribery, and no action was taken against the employees involved."
120,They took immediate action against any form of bribery and ensured transparency in their process.
121,"I witnessed clear cases of bribery, and no action was taken against the employees involved."
122,"Bribery allegations were floating around, but the company handled it as expected."
123,"The company addressed the bribery concerns, though it took a while for them to act."
124,"There’s a serious bribery problem here, and they are doing nothing to fix it."
125,"Bribery seems to be a regular occurrence in this company, and they don’t take it seriously."
126,The company is corrupt; there were clear signs of bribery during the process.
127,"I witnessed clear cases of bribery, and no action was taken against the employees involved."
128,"They thoroughly investigated and addressed the bribery claims, restoring trust."
129,The company’s strong stance against bribery gave me confidence in their integrity.
130,The company handled the bribery accusation seriously and acted quickly to resolve the situation.
131,They took immediate action against any form of bribery and ensured transparency in their process.
132,The company is corrupt; there were clear signs of bribery during the process.
133,"I witnessed clear cases of bribery, and no action was taken against the employees involved."
134,"They followed up on the bribery claims, but I wasn’t fully convinced by their response."
135,"They thoroughly investigated and addressed the bribery claims, restoring trust."
136,"I heard about bribery issues within the company, but it didn’t affect me personally."
137,"There’s a serious bribery problem here, and they are doing nothing to fix it."
138,"They followed up on the bribery claims, but I wasn’t fully convinced by their response."
139,"Bribery seems to be a regular occurrence in this company, and they don’t take it seriously."
140,The company handled the bribery accusation seriously and acted quickly to resolve the situation.
141,I was impressed by their zero-tolerance policy towards bribery and unethical practices.
142,"There were rumors of bribery, but they managed to clarify the situation eventually."
143,"I heard about bribery issues within the company, but it didn’t affect me personally."
144,The company’s strong stance against bribery gave me confidence in their integrity.
145,"There were rumors of bribery, but they managed to clarify the situation eventually."
146,The company’s strong stance against bribery gave me confidence in their integrity.
147,"There’s a serious bribery problem here, and they are doing nothing to fix it."
148,"The bribery within the company is shocking, and it's eroding trust."
149,I was impressed by their zero-tolerance policy towards bribery and unethical practices.
150,The company’s strong stance against bribery gave me confidence in their integrity.
151,"Bribery allegations were floating around, but the company handled it as expected."
152,They took immediate action against any form of bribery and ensured transparency in their process.
153,"Bribery allegations were floating around, but the company handled it as expected."
154,"They thoroughly investigated and addressed the bribery claims, restoring trust."
155,"There were rumors of bribery, but they managed to clarify the situation eventually."
156,"I heard about bribery issues within the company, but it didn’t affect me personally."
157,"They followed up on the bribery claims, but I wasn’t fully convinced by their response."
158,I was impressed by their zero-tolerance policy towards bribery and unethical practices.
159,The company handled the bribery accusation seriously and acted quickly to resolve the situation.
160,"Bribery allegations were floating around, but the company handled it as expected."
161,The company is corrupt; there were clear signs of bribery during the process.
162,"They thoroughly investigated and addressed the bribery claims, restoring trust."
163,"I witnessed clear cases of bribery, and no action was taken against the employees involved."
164,"There were rumors of bribery, but they managed to clarify the situation eventually."
165,"There were rumors of bribery, but they managed to clarify the situation eventually."
166,"They thoroughly investigated and addressed the bribery claims, restoring trust."
167,The company’s strong stance against bribery gave me confidence in their integrity.
168,"They followed up on the bribery claims, but I wasn’t fully convinced by their response."
169,I was impressed by their zero-tolerance policy towards bribery and unethical practices.
170,"I witnessed clear cases of bribery, and no action was taken against the employees involved."
171,"I witnessed clear cases of bribery, and no action was taken against the employees involved."
172,"There were rumors of bribery, but they managed to clarify the situation eventually."
173,The company handled the bribery accusation seriously and acted quickly to resolve the situation.
174,"The company addressed the bribery concerns, though it took a while for them to act."
175,The company is corrupt; there were clear signs of bribery during the process.
176,The company’s strong stance against bribery gave me confidence in their integrity.
177,"There’s a serious bribery problem here, and they are doing nothing to fix it."
178,The company’s strong stance against bribery gave me confidence in their integrity.
179,"Bribery allegations were floating around, but the company handled it as expected."
180,"They thoroughly investigated and addressed the bribery claims, restoring trust."
181,"The bribery within the company is shocking, and it's eroding trust."
182,"Bribery allegations were floating around, but the company handled it as expected."
183,I was impressed by their zero-tolerance policy towards bribery and unethical practices.
184,"There were rumors of bribery, but they managed to clarify the situation eventually."
185,The company handled the bribery accusation seriously and acted quickly to resolve the situation.
186,The company’s strong stance against bribery gave me confidence in their integrity.
187,I was impressed by their zero-tolerance policy towards bribery and unethical practices.
188,"They thoroughly investigated and addressed the bribery claims, restoring trust."
189,"I heard about bribery issues within the company, but it didn’t affect me personally."
190,They took immediate action against any form of bribery and ensured transparency in their process.
191,"Bribery seems to be a regular occurrence in this company, and they don’t take it seriously."
192,"Bribery seems to be a regular occurrence in this company, and they don’t take it seriously."
193,I was impressed by their zero-tolerance policy towards bribery and unethical practices.
194,"The company addressed the bribery concerns, though it took a while for them to act."
195,I was impressed by their zero-tolerance policy towards bribery and unethical practices.
196,The company is corrupt; there were clear signs of bribery during the process.
197,They took immediate action against any form of bribery and ensured transparency in their process.
198,"Bribery seems to be a regular occurrence in this company, and they don’t take it seriously."
199,"Bribery allegations were floating around, but the company handled it as expected."
200,"They followed up on the bribery claims, but I wasn’t fully convinced by their response."
201,"There’s a serious bribery problem here, and they are doing nothing to fix it."
202,"There’s a serious bribery problem here, and they are doing nothing to fix it."
203,"There were rumors of bribery, but they managed to clarify the situation eventually."
204,"The bribery within the company is shocking, and it's eroding trust."
205,"They thoroughly investigated and addressed the bribery claims, restoring trust."
206,"They followed up on the bribery claims, but I wasn’t fully convinced by their response."
207,"The bribery within the company is shocking, and it's eroding trust."
208,The company handled the bribery accusation seriously and acted quickly to resolve the situation.
209,"The company addressed the bribery concerns, though it took a while for them to act."
210,"There were rumors of bribery, but they managed to clarify the situation eventually."
211,"I witnessed clear cases of bribery, and no action was taken against the employees involved."
212,"Bribery seems to be a regular occurrence in this company, and they don’t take it seriously."
213,"They thoroughly investigated and addressed the bribery claims, restoring trust."
214,"Bribery allegations were floating around, but the company handled it as expected."
215,"The bribery within the company is shocking, and it's eroding trust."
216,"I heard about bribery issues within the company, but it didn’t affect me personally."
217,"The bribery within the company is shocking, and it's eroding trust."
218,"They followed up on the bribery claims, but I wasn’t fully convinced by their response."
219,"There’s a serious bribery problem here, and they are doing nothing to fix it."
220,"The bribery within the company is shocking, and it's eroding trust."
221,"I heard about bribery issues within the company, but it didn’t affect me personally."
222,"I heard about bribery issues within the company, but it didn’t affect me personally."
223,I was impressed by their zero-tolerance policy towards bribery and unethical practices.
224,"I heard about bribery issues within the company, but it didn’t affect me personally."
225,"The company addressed the bribery concerns, though it took a while for them to act."
226,The company’s strong stance against bribery gave me confidence in their integrity.
227,"The bribery within the company is shocking, and it's eroding trust."
228,"They followed up on the bribery claims, but I wasn’t fully convinced by their response."
229,"They thoroughly investigated and addressed the bribery claims, restoring trust."
230,"They thoroughly investigated and addressed the bribery claims, restoring trust."
231,"They thoroughly investigated and addressed the bribery claims, restoring trust."
232,"There’s a serious bribery problem here, and they are doing nothing to fix it."
233,"They thoroughly investigated and addressed the bribery claims, restoring trust."
234,The company handled the bribery accusation seriously and acted quickly to resolve the situation.
235,"The bribery within the company is shocking, and it's eroding trust."
236,The company’s strong stance against bribery gave me confidence in their integrity.
237,"There were rumors of bribery, but they managed to clarify the situation eventually."
238,"There were rumors of bribery, but they managed to clarify the situation eventually."
239,"There were rumors of bribery, but they managed to clarify the situation eventually."
240,I was impressed by their zero-tolerance policy towards bribery and unethical practices.
241,They took immediate action against any form of bribery and ensured transparency in their process.
242,They took immediate action against any form of bribery and ensured transparency in their process.
243,The company handled the bribery accusation seriously and acted quickly to resolve the situation.
244,The company is corrupt; there were clear signs of bribery during the process.
245,"I witnessed clear cases of bribery, and no action was taken against the employees involved."
246,I was impressed by their zero-tolerance policy towards bribery and unethical practices.
247,I was impressed by their zero-tolerance policy towards bribery and unethical practices.
248,The company handled the bribery accusation seriously and acted quickly to resolve the situation.
249,"I heard about bribery issues within the company, but it didn’t affect me personally."
250,"There’s a serious bribery problem here, and they are doing nothing to fix it."
251,The company’s strong stance against bribery gave me confidence in their integrity.
252,"They followed up on the bribery claims, but I wasn’t fully convinced by their response."
253,They took immediate action against any form of bribery and ensured transparency in their process.
254,"There were rumors of bribery, but they managed to clarify the situation eventually."
255,They took immediate action against any form of bribery and ensured transparency in their process.
256,"There were rumors of bribery, but they managed to clarify the situation eventually."
257,"They followed up on the bribery claims, but I wasn’t fully convinced by their response."
258,"They followed up on the bribery claims, but I wasn’t fully convinced by their response."
259,They took immediate action against any form of bribery and ensured transparency in their process.
260,"Bribery allegations were floating around, but the company handled it as expected."
261,"I heard about bribery issues within the company, but it didn’t affect me personally."
262,"Bribery allegations were floating around, but the company handled it as expected."
263,"I heard about bribery issues within the company, but it didn’t affect me personally."
264,The company is corrupt; there were clear signs of bribery during the process.
265,I was impressed by their zero-tolerance policy towards bribery and unethical practices.
266,"I witnessed clear cases of bribery, and no action was taken against the employees involved."
267,"They thoroughly investigated and addressed the bribery claims, restoring trust."
268,"They followed up on the bribery claims, but I wasn’t fully convinced by their response."
269,The company handled the bribery accusation seriously and acted quickly to resolve the situation.
270,The company handled the bribery accusation seriously and acted quickly to resolve the situation.
271,They took immediate action against any form of bribery and ensured transparency in their process.
272,The company handled the bribery accusation seriously and acted quickly to resolve the situation.
273,"I heard about bribery issues within the company, but it didn’t affect me personally."
274,"I witnessed clear cases of bribery, and no action was taken against the employees involved."
275,"I witnessed clear cases of bribery, and no action was taken against the employees involved."
276,"The company addressed the bribery concerns, though it took a while for them to act."
277,"Bribery allegations were floating around, but the company handled it as expected."
278,The company’s strong stance against bribery gave me confidence in their integrity.
279,"They followed up on the bribery claims, but I wasn’t fully convinced by their response."
280,The company is corrupt; there were clear signs of bribery during the process.
281,"I witnessed clear cases of bribery, and no action was taken against the employees involved."
282,"There were rumors of bribery, but they managed to clarify the situation eventually."
283,"Bribery seems to be a regular occurrence in this company, and they don’t take it seriously."
284,"Bribery allegations were floating around, but the company handled it as expected."
285,"The bribery within the company is shocking, and it's eroding trust."
286,"There’s a serious bribery problem here, and they are doing nothing to fix it."
287,"The bribery within the company is shocking, and it's eroding trust."
288,"I witnessed clear cases of bribery, and no action was taken against the employees involved."
289,They took immediate action against any form of bribery and ensured transparency in their process.
290,"Bribery allegations were floating around, but the company handled it as expected."
291,"They followed up on the bribery claims, but I wasn’t fully convinced by their response."
292,"The bribery within the company is shocking, and it's eroding trust."
293,The company handled the bribery accusation seriously and acted quickly to resolve the situation.
294,The company is corrupt; there were clear signs of bribery during the process.
295,I was impressed by their zero-tolerance policy towards bribery and unethical practices.
296,"There were rumors of bribery, but they managed to clarify the situation eventually."
297,"The bribery within the company is shocking, and it's eroding trust."
298,"They thoroughly investigated and addressed the bribery claims, restoring trust."
299,"There were rumors of bribery, but they managed to clarify the situation eventually."
300,"I witnessed clear cases of bribery, and no action was taken against the employees involved."
301,"They followed up on the bribery claims, but I wasn’t fully convinced by their response."
302,"Bribery seems to be a regular occurrence in this company, and they don’t take it seriously."
303,"There were rumors of bribery, but they managed to clarify the situation eventually."
304,"They followed up on the bribery claims, but I wasn’t fully convinced by their response."
305,"The company addressed the bribery concerns, though it took a while for them to act."
306,"The bribery within the company is shocking, and it's eroding trust."
307,"Bribery allegations were floating around, but the company handled it as expected."
308,The company handled the bribery accusation seriously and acted quickly to resolve the situation.
309,I was impressed by their zero-tolerance policy towards bribery and unethical practices.
310,"Bribery allegations were floating around, but the company handled it as expected."
311,They took immediate action against any form of bribery and ensured transparency in their process.
312,"They followed up on the bribery claims, but I wasn’t fully convinced by their response."
313,I was impressed by their zero-tolerance policy towards bribery and unethical practices.
314,"There were rumors of bribery, but they managed to clarify the situation eventually."
315,They took immediate action against any form of bribery and ensured transparency in their process.
316,"Bribery allegations were floating around, but the company handled it as expected."
317,"The bribery within the company is shocking, and it's eroding trust."
318,"I witnessed clear cases of bribery, and no action was taken against the employees involved."
319,The company is corrupt; there were clear signs of bribery during the process.
320,"There’s a serious bribery problem here, and they are doing nothing to fix it."
321,"The company addressed the bribery concerns, though it took a while for them to act."
322,The company handled the bribery accusation seriously and acted quickly to resolve the situation.
323,"The company addressed the bribery concerns, though it took a while for them to act."
324,"Bribery seems to be a regular occurrence in this company, and they don’t take it seriously."
325,"There’s a serious bribery problem here, and they are doing nothing to fix it."
326,"They followed up on the bribery claims, but I wasn’t fully convinced by their response."
327,The company’s strong stance against bribery gave me confidence in their integrity.
328,"There were rumors of bribery, but they managed to clarify the situation eventually."
329,"Bribery seems to be a regular occurrence in this company, and they don’t take it seriously."
330,The company is corrupt; there were clear signs of bribery during the process.
331,"Bribery allegations were floating around, but the company handled it as expected."
332,"I witnessed clear cases of bribery, and no action was taken against the employees involved."
333,The company’s strong stance against bribery gave me confidence in their integrity.
334,"They thoroughly investigated and addressed the bribery claims, restoring trust."
335,I was impressed by their zero-tolerance policy towards bribery and unethical practices.
336,"They thoroughly investigated and addressed the bribery claims, restoring trust."
337,"The company addressed the bribery concerns, though it took a while for them to act."
338,"I heard about bribery issues within the company, but it didn’t affect me personally."
339,"The company addressed the bribery concerns, though it took a while for them to act."
340,The company’s strong stance against bribery gave me confidence in their integrity.
341,"There were rumors of bribery, but they managed to clarify the situation eventually."
342,"I heard about bribery issues within the company, but it didn’t affect me personally."
343,"The bribery within the company is shocking, and it's eroding trust."
344,"There were rumors of bribery, but they managed to clarify the situation eventually."
345,"Bribery seems to be a regular occurrence in this company, and they don’t take it seriously."
346,They took immediate action against any form of bribery and ensured transparency in their process.
347,"I heard about bribery issues within the company, but it didn’t affect me personally."
348,The company’s strong stance against bribery gave me confidence in their integrity.
349,"The company addressed the bribery concerns, though it took a while for them to act."
350,"They followed up on the bribery claims, but I wasn’t fully convinced by their response."
351,"I witnessed clear cases of bribery, and no action was taken against the employees involved."
352,"Bribery seems to be a regular occurrence in this company, and they don’t take it seriously."
353,"Bribery allegations were floating around, but the company handled it as expected."
354,They took immediate action against any form of bribery and ensured transparency in their process.
355,I was impressed by their zero-tolerance policy towards bribery and unethical practices.
356,"They followed up on the bribery claims, but I wasn’t fully convinced by their response."
357,"They thoroughly investigated and addressed the bribery claims, restoring trust."
358,"I heard about bribery issues within the company, but it didn’t affect me personally."
359,"I witnessed clear cases of bribery, and no action was taken against the employees involved."
360,"They followed up on the bribery claims, but I wasn’t fully convinced by their response."
361,The company is corrupt; there were clear signs of bribery during the process.
362,The company handled the bribery accusation seriously and acted quickly to resolve the situation.
363,"They followed up on the bribery claims, but I wasn’t fully convinced by their response."
364,The company is corrupt; there were clear signs of bribery during the process.
365,"There were rumors of bribery, but they managed to clarify the situation eventually."
366,"Bribery allegations were floating around, but the company handled it as expected."
367,"They followed up on the bribery claims, but I wasn’t fully convinced by their response."
368,"The company addressed the bribery concerns, though it took a while for them to act."
369,"I witnessed clear cases of bribery, and no action was taken against the employees involved."
370,"The bribery within the company is shocking, and it's eroding trust."
371,"They thoroughly investigated and addressed the bribery claims, restoring trust."
372,"The bribery within the company is shocking, and it's eroding trust."
373,"The bribery within the company is shocking, and it's eroding trust."
374,They took immediate action against any form of bribery and ensured transparency in their process.
375,"The bribery within the company is shocking, and it's eroding trust."
376,I was impressed by their zero-tolerance policy towards bribery and unethical practices.
377,"Bribery seems to be a regular occurrence in this company, and they don’t take it seriously."
378,"They thoroughly investigated and addressed the bribery claims, restoring trust."
379,"There’s a serious bribery problem here, and they are doing nothing to fix it."
380,They took immediate action against any form of bribery and ensured transparency in their process.
381,"There were rumors of bribery, but they managed to clarify the situation eventually."
382,"I heard about bribery issues within the company, but it didn’t affect me personally."
383,The company is corrupt; there were clear signs of bribery during the process.
384,"I witnessed clear cases of bribery, and no action was taken against the employees involved."
385,"They thoroughly investigated and addressed the bribery claims, restoring trust."
386,I was impressed by their zero-tolerance policy towards bribery and unethical practices.
387,"The company addressed the bribery concerns, though it took a while for them to act."
388,The company is corrupt; there were clear signs of bribery during the process.
389,"There’s a serious bribery problem here, and they are doing nothing to fix it."
390,The company is corrupt; there were clear signs of bribery during the process.
391,"Bribery seems to be a regular occurrence in this company, and they don’t take it seriously."
392,"Bribery seems to be a regular occurrence in this company, and they don’t take it seriously."
393,"They followed up on the bribery claims, but I wasn’t fully convinced by their response."
394,"I witnessed clear cases of bribery, and no action was taken against the employees involved."
395,The company handled the bribery accusation seriously and acted quickly to resolve the situation.
396,"The company addressed the bribery concerns, though it took a while for them to act."
397,"Bribery seems to be a regular occurrence in this company, and they don’t take it seriously."
398,"They followed up on the bribery claims, but I wasn’t fully convinced by their response."
399,The company handled the bribery accusation seriously and acted quickly to resolve the situation.
400,They took immediate action against any form of bribery and ensured transparency in their process.
401,"There’s a serious bribery problem here, and they are doing nothing to fix it."
402,"They followed up on the bribery claims, but I wasn’t fully convinced by their response."
403,"Bribery seems to be a regular occurrence in this company, and they don’t take it seriously."
404,"They followed up on the bribery claims, but I wasn’t fully convinced by their response."
405,"They followed up on the bribery claims, but I wasn’t fully convinced by their response."
406,The company handled the bribery accusation seriously and acted quickly to resolve the situation.
407,The company handled the bribery accusation seriously and acted quickly to resolve the situation.
408,The company’s strong stance against bribery gave me confidence in their integrity.
409,"The bribery within the company is shocking, and it's eroding trust."
410,The company’s strong stance against bribery gave me confidence in their integrity.
411,"Bribery seems to be a regular occurrence in this company, and they don’t take it seriously."
412,"The bribery within the company is shocking, and it's eroding trust."
413,"Bribery seems to be a regular occurrence in this company, and they don’t take it seriously."
414,"There were rumors of bribery, but they managed to clarify the situation eventually."
415,I was impressed by their zero-tolerance policy towards bribery and unethical practices.
416,"There’s a serious bribery problem here, and they are doing nothing to fix it."
417,The company is corrupt; there were clear signs of bribery during the process.
418,"Bribery seems to be a regular occurrence in this company, and they don’t take it seriously."
419,"There’s a serious bribery problem here, and they are doing nothing to fix it."
420,"They followed up on the bribery claims, but I wasn’t fully convinced by their response."
421,"They followed up on the bribery claims, but I wasn’t fully convinced by their response."
422,I was impressed by their zero-tolerance policy towards bribery and unethical practices.
423,The company’s strong stance against bribery gave me confidence in their integrity.
424,I was impressed by their zero-tolerance policy towards bribery and unethical practices.
425,"I heard about bribery issues within the company, but it didn’t affect me personally."
426,The company handled the bribery accusation seriously and acted quickly to resolve the situation.
427,"I heard about bribery issues within the company, but it didn’t affect me personally."
428,The company’s strong stance against bribery gave me confidence in their integrity.
429,"There’s a serious bribery problem here, and they are doing nothing to fix it."
430,"Bribery allegations were floating around, but the company handled it as expected."
431,"There were rumors of bribery, but they managed to clarify the situation eventually."
432,I was impressed by their zero-tolerance policy towards bribery and unethical practices.
433,"They thoroughly investigated and addressed the bribery claims, restoring trust."
434,The company handled the bribery accusation seriously and acted quickly to resolve the situation.
435,The company handled the bribery accusation seriously and acted quickly to resolve the situation.
436,"Bribery seems to be a regular occurrence in this company, and they don’t take it seriously."
437,The company’s strong stance against bribery gave me confidence in their integrity.
438,"There’s a serious bribery problem here, and they are doing nothing to fix it."
439,"The bribery within the company is shocking, and it's eroding trust."
440,"Bribery allegations were floating around, but the company handled it as expected."
441,"The company addressed the bribery concerns, though it took a while for them to act."
442,"They thoroughly investigated and addressed the bribery claims, restoring trust."
443,"There’s a serious bribery problem here, and they are doing nothing to fix it."
444,"I heard about bribery issues within the company, but it didn’t affect me personally."
445,"Bribery seems to be a regular occurrence in this company, and they don’t take it seriously."
446,The company’s strong stance against bribery gave me confidence in their integrity.
447,They took immediate action against any form of bribery and ensured transparency in their process.
448,"The company addressed the bribery concerns, though it took a while for them to act."
449,"Bribery seems to be a regular occurrence in this company, and they don’t take it seriously."
450,The company handled the bribery accusation seriously and acted quickly to resolve the situation.
451,"I witnessed clear cases of bribery, and no action was taken against the employees involved."
452,"There were rumors of bribery, but they managed to clarify the situation eventually."
453,I was impressed by their zero-tolerance policy towards bribery and unethical practices.
454,"The bribery within the company is shocking, and it's eroding trust."
455,"The bribery within the company is shocking, and it's eroding trust."
456,"There’s a serious bribery problem here, and they are doing nothing to fix it."
457,"The company addressed the bribery concerns, though it took a while for them to act."
458,"Bribery allegations were floating around, but the company handled it as expected."
459,"I witnessed clear cases of bribery, and no action was taken against the employees involved."
460,The company handled the bribery accusation seriously and acted quickly to resolve the situation.
461,"They thoroughly investigated and addressed the bribery claims, restoring trust."
462,"The bribery within the company is shocking, and it's eroding trust."
463,They took immediate action against any form of bribery and ensured transparency in their process.
464,The company handled the bribery accusation seriously and acted quickly to resolve the situation.
465,"The company addressed the bribery concerns, though it took a while for them to act."
466,The company’s strong stance against bribery gave me confidence in their integrity.
467,"There were rumors of bribery, but they managed to clarify the situation eventually."
468,The company is corrupt; there were clear signs of bribery during the process.
469,The company’s strong stance against bribery gave me confidence in their integrity.
470,I was impressed by their zero-tolerance policy towards bribery and unethical practices.
471,"Bribery allegations were floating around, but the company handled it as expected."
472,"They followed up on the bribery claims, but I wasn’t fully convinced by their response."
473,"They followed up on the bribery claims, but I wasn’t fully convinced by their response."
474,"I heard about bribery issues within the company, but it didn’t affect me personally."
475,"There were rumors of bribery, but they managed to clarify the situation eventually."
476,They took immediate action against any form of bribery and ensured transparency in their process.
477,"There were rumors of bribery, but they managed to clarify the situation eventually."
478,"They thoroughly investigated and addressed the bribery claims, restoring trust."
479,"There were rumors of bribery, but they managed to clarify the situation eventually."
480,"They followed up on the bribery claims, but I wasn’t fully convinced by their response."
481,They took immediate action against any form of bribery and ensured transparency in their process.
482,"Bribery seems to be a regular occurrence in this company, and they don’t take it seriously."
483,"Bribery allegations were floating around, but the company handled it as expected."
484,"There were rumors of bribery, but they managed to clarify the situation eventually."
485,The company handled the bribery accusation seriously and acted quickly to resolve the situation.
486,They took immediate action against any form of bribery and ensured transparency in their process.
487,They took immediate action against any form of bribery and ensured transparency in their process.
488,"Bribery seems to be a regular occurrence in this company, and they don’t take it seriously."
489,The company’s strong stance against bribery gave me confidence in their integrity.
490,"They thoroughly investigated and addressed the bribery claims, restoring trust."
491,"The bribery within the company is shocking, and it's eroding trust."
492,"Bribery allegations were floating around, but the company handled it as expected."
493,"The bribery within the company is shocking, and it's eroding trust."
494,"I witnessed clear cases of bribery, and no action was taken against the employees involved."
495,The company handled the bribery accusation seriously and acted quickly to resolve the situation.
496,"I heard about bribery issues within the company, but it didn’t affect me personally."
497,"I witnessed clear cases of bribery, and no action was taken against the employees involved."
498,"There were rumors of bribery, but they managed to clarify the situation eventually."
499,"Bribery allegations were floating around, but the company handled it as expected."
500,"Bribery allegations were floating around, but the company handled it as expected."
501,"They followed up on the bribery claims, but I wasn’t fully convinced by their response."
502,"I witnessed clear cases of bribery, and no action was taken against the employees involved."
503,"Bribery allegations were floating around, but the company handled it as expected."
504,"They thoroughly investigated and addressed the bribery claims, restoring trust."
505,"There’s a serious bribery problem here, and they are doing nothing to fix it."
506,"The company addressed the bribery concerns, though it took a while for them to act."
507,"They followed up on the bribery claims, but I wasn’t fully convinced by their response."
508,"There were rumors of bribery, but they managed to clarify the situation eventually."
509,They took immediate action against any form of bribery and ensured transparency in their process.
510,"I heard about bribery issues within the company, but it didn’t affect me personally."
511,The company handled the bribery accusation seriously and acted quickly to resolve the situation.
512,"The bribery within the company is shocking, and it's eroding trust."
513,"Bribery seems to be a regular occurrence in this company, and they don’t take it seriously."
514,"The company addressed the bribery concerns, though it took a while for them to act."
515,They took immediate action against any form of bribery and ensured transparency in their process.
516,"Bribery allegations were floating around, but the company handled it as expected."
517,"Bribery seems to be a regular occurrence in this company, and they don’t take it seriously."
518,"The bribery within the company is shocking, and it's eroding trust."
519,"They followed up on the bribery claims, but I wasn’t fully convinced by their response."
520,They took immediate action against any form of bribery and ensured transparency in their process.
521,The company’s strong stance against bribery gave me confidence in their integrity.
522,"The company addressed the bribery concerns, though it took a while for them to act."
523,"I witnessed clear cases of bribery, and no action was taken against the employees involved."
524,"Bribery seems to be a regular occurrence in this company, and they don’t take it seriously."
525,The company is corrupt; there were clear signs of bribery during the process.
526,"They thoroughly investigated and addressed the bribery claims, restoring trust."
527,The company handled the bribery accusation seriously and acted quickly to resolve the situation.
528,"Bribery allegations were floating around, but the company handled it as expected."
529,"They followed up on the bribery claims, but I wasn’t fully convinced by their response."
530,"The company addressed the bribery concerns, though it took a while for them to act."
531,"They thoroughly investigated and addressed the bribery claims, restoring trust."
532,"Bribery seems to be a regular occurrence in this company, and they don’t take it seriously."
533,"They thoroughly investigated and addressed the bribery claims, restoring trust."
534,"There were rumors of bribery, but they managed to clarify the situation eventually."
535,I was impressed by their zero-tolerance policy towards bribery and unethical practices.
536,The company handled the bribery accusation seriously and acted quickly to resolve the situation.
537,They took immediate action against any form of bribery and ensured transparency in their process.
538,They took immediate action against any form of bribery and ensured transparency in their process.
539,They took immediate action against any form of bribery and ensured transparency in their process.
540,The company’s strong stance against bribery gave me confidence in their integrity.
541,"Bribery seems to be a regular occurrence in this company, and they don’t take it seriously."
542,I was impressed by their zero-tolerance policy towards bribery and unethical practices.
543,The company handled the bribery accusation seriously and acted quickly to resolve the situation.
544,"Bribery allegations were floating around, but the company handled it as expected."
545,"Bribery allegations were floating around, but the company handled it as expected."
546,"They followed up on the bribery claims, but I wasn’t fully convinced by their response."
547,They took immediate action against any form of bribery and ensured transparency in their process.
548,I was impressed by their zero-tolerance policy towards bribery and unethical practices.
549,"There’s a serious bribery problem here, and they are doing nothing to fix it."
550,The company handled the bribery accusation seriously and acted quickly to resolve the situation.
551,I was impressed by their zero-tolerance policy towards bribery and unethical practices.
552,"There’s a serious bribery problem here, and they are doing nothing to fix it."
553,"I heard about bribery issues within the company, but it didn’t affect me personally."
554,The company is corrupt; there were clear signs of bribery during the process.
555,"There’s a serious bribery problem here, and they are doing nothing to fix it."
556,"I heard about bribery issues within the company, but it didn’t affect me personally."
557,I was impressed by their zero-tolerance policy towards bribery and unethical practices.
558,"There’s a serious bribery problem here, and they are doing nothing to fix it."
559,The company’s strong stance against bribery gave me confidence in their integrity.
560,"I witnessed clear cases of bribery, and no action was taken against the employees involved."
561,I was impressed by their zero-tolerance policy towards bribery and unethical practices.
562,The company is corrupt; there were clear signs of bribery during the process.
563,"Bribery allegations were floating around, but the company handled it as expected."
564,The company handled the bribery accusation seriously and acted quickly to resolve the situation.
565,The company’s strong stance against bribery gave me confidence in their integrity.
566,The company handled the bribery accusation seriously and acted quickly to resolve the situation.
567,"There were rumors of bribery, but they managed to clarify the situation eventually."
568,They took immediate action against any form of bribery and ensured transparency in their process.
569,"Bribery allegations were floating around, but the company handled it as expected."
570,"There’s a serious bribery problem here, and they are doing nothing to fix it."
571,"I heard about bribery issues within the company, but it didn’t affect me personally."
572,The company is corrupt; there were clear signs of bribery during the process.
573,"They followed up on the bribery claims, but I wasn’t fully convinced by their response."
574,The company is corrupt; there were clear signs of bribery during the process.
575,The company is corrupt; there were clear signs of bribery during the process.
576,"They thoroughly investigated and addressed the bribery claims, restoring trust."
577,"Bribery allegations were floating around, but the company handled it as expected."
578,The company handled the bribery accusation seriously and acted quickly to resolve the situation.
579,"Bribery seems to be a regular occurrence in this company, and they don’t take it seriously."
580,The company handled the bribery accusation seriously and acted quickly to resolve the situation.
581,"They thoroughly investigated and addressed the bribery claims, restoring trust."
582,"They followed up on the bribery claims, but I wasn’t fully convinced by their response."
583,The company’s strong stance against bribery gave me confidence in their integrity.
584,"They thoroughly investigated and addressed the bribery claims, restoring trust."
585,"Bribery seems to be a regular occurrence in this company, and they don’t take it seriously."
586,The company handled the bribery accusation seriously and acted quickly to resolve the situation.
587,"The bribery within the company is shocking, and it's eroding trust."
588,"I heard about bribery issues within the company, but it didn’t affect me personally."
589,They took immediate action against any form of bribery and ensured transparency in their process.
590,"I witnessed clear cases of bribery, and no action was taken against the employees involved."
591,"There were rumors of bribery, but they managed to clarify the situation eventually."
592,The company handled the bribery accusation seriously and acted quickly to resolve the situation.
593,The company is corrupt; there were clear signs of bribery during the process.
594,The company is corrupt; there were clear signs of bribery during the process.
595,"The bribery within the company is shocking, and it's eroding trust."
596,"I heard about bribery issues within the company, but it didn’t affect me personally."
597,The company handled the bribery accusation seriously and acted quickly to resolve the situation.
598,"They thoroughly investigated and addressed the bribery claims, restoring trust."
599,The company’s strong stance against bribery gave me confidence in their integrity.
600,I was impressed by their zero-tolerance policy towards bribery and unethical practices.
601,"I heard about bribery issues within the company, but it didn’t affect me personally."
602,"I witnessed clear cases of bribery, and no action was taken against the employees involved."
603,"They thoroughly investigated and addressed the bribery claims, restoring trust."
604,"The bribery within the company is shocking, and it's eroding trust."
605,"Bribery seems to be a regular occurrence in this company, and they don’t take it seriously."
606,They took immediate action against any form of bribery and ensured transparency in their process.
607,"There were rumors of bribery, but they managed to clarify the situation eventually."
608,The company’s strong stance against bribery gave me confidence in their integrity.
609,"They thoroughly investigated and addressed the bribery claims, restoring trust."
610,I was impressed by their zero-tolerance policy towards bribery and unethical practices.
611,"There were rumors of bribery, but they managed to clarify the situation eventually."
612,"The bribery within the company is shocking, and it's eroding trust."
613,The company’s strong stance against bribery gave me confidence in their integrity.
614,"The company addressed the bribery concerns, though it took a while for them to act."
615,"There’s a serious bribery problem here, and they are doing nothing to fix it."
616,"Bribery seems to be a regular occurrence in this company, and they don’t take it seriously."
617,"The company addressed the bribery concerns, though it took a while for them to act."
618,"The company addressed the bribery concerns, though it took a while for them to act."
619,The company handled the bribery accusation seriously and acted quickly to resolve the situation.
620,"The bribery within the company is shocking, and it's eroding trust."
621,"There’s a serious bribery problem here, and they are doing nothing to fix it."
622,I was impressed by their zero-tolerance policy towards bribery and unethical practices.
623,I was impressed by their zero-tolerance policy towards bribery and unethical practices.
624,"They thoroughly investigated and addressed the bribery claims, restoring trust."
625,"The company addressed the bribery concerns, though it took a while for them to act."
626,"They thoroughly investigated and addressed the bribery claims, restoring trust."
627,"The bribery within the company is shocking, and it's eroding trust."
628,I was impressed by their zero-tolerance policy towards bribery and unethical practices.
629,"The company addressed the bribery concerns, though it took a while for them to act."
630,The company’s strong stance against bribery gave me confidence in their integrity.
631,"There’s a serious bribery problem here, and they are doing nothing to fix it."
632,I was impressed by their zero-tolerance policy towards bribery and unethical practices.
633,The company’s strong stance against bribery gave me confidence in their integrity.
634,The company handled the bribery accusation seriously and acted quickly to resolve the situation.
635,"There were rumors of bribery, but they managed to clarify the situation eventually."
636,"Bribery allegations were floating around, but the company handled it as expected."
637,"They thoroughly investigated and addressed the bribery claims, restoring trust."
638,"I witnessed clear cases of bribery, and no action was taken against the employees involved."
639,"Bribery seems to be a regular occurrence in this company, and they don’t take it seriously."
640,"Bribery seems to be a regular occurrence in this company, and they don’t take it seriously."
641,"There were rumors of bribery, but they managed to clarify the situation eventually."
642,"The company addressed the bribery concerns, though it took a while for them to act."
643,The company handled the bribery accusation seriously and acted quickly to resolve the situation.
644,They took immediate action against any form of bribery and ensured transparency in their process.
645,"I witnessed clear cases of bribery, and no action was taken against the employees involved."
646,They took immediate action against any form of bribery and ensured transparency in their process.
647,"I heard about bribery issues within the company, but it didn’t affect me personally."
648,"The company addressed the bribery concerns, though it took a while for them to act."
649,"They thoroughly investigated and addressed the bribery claims, restoring trust."
650,"There were rumors of bribery, but they managed to clarify the situation eventually."
651,"They followed up on the bribery claims, but I wasn’t fully convinced by their response."
652,"I heard about bribery issues within the company, but it didn’t affect me personally."
653,I was impressed by their zero-tolerance policy towards bribery and unethical practices.
654,"They thoroughly investigated and addressed the bribery claims, restoring trust."
655,"There were rumors of bribery, but they managed to clarify the situation eventually."
656,"The company addressed the bribery concerns, though it took a while for them to act."
657,"Bribery allegations were floating around, but the company handled it as expected."
658,They took immediate action against any form of bribery and ensured transparency in their process.
659,"They thoroughly investigated and addressed the bribery claims, restoring trust."
660,"They followed up on the bribery claims, but I wasn’t fully convinced by their response."
661,"The company addressed the bribery concerns, though it took a while for them to act."
662,The company’s strong stance against bribery gave me confidence in their integrity.
663,"There were rumors of bribery, but they managed to clarify the situation eventually."
664,"Bribery allegations were floating around, but the company handled it as expected."
665,"Bribery seems to be a regular occurrence in this company, and they don’t take it seriously."
666,I was impressed by their zero-tolerance policy towards bribery and unethical practices.
667,They took immediate action against any form of bribery and ensured transparency in their process.
668,They took immediate action against any form of bribery and ensured transparency in their process.
669,"They thoroughly investigated and addressed the bribery claims, restoring trust."
670,"There’s a serious bribery problem here, and they are doing nothing to fix it."
671,I was impressed by their zero-tolerance policy towards bribery and unethical practices.
672,"There’s a serious bribery problem here, and they are doing nothing to fix it."
673,"There’s a serious bribery problem here, and they are doing nothing to fix it."
674,"There were rumors of bribery, but they managed to clarify the situation eventually."
675,The company’s strong stance against bribery gave me confidence in their integrity.
676,"They thoroughly investigated and addressed the bribery claims, restoring trust."
677,They took immediate action against any form of bribery and ensured transparency in their process.
678,The company is corrupt; there were clear signs of bribery during the process.
679,"They followed up on the bribery claims, but I wasn’t fully convinced by their response."
680,"I heard about bribery issues within the company, but it didn’t affect me personally."
681,The company’s strong stance against bribery gave me confidence in their integrity.
682,I was impressed by their zero-tolerance policy towards bribery and unethical practices.
683,"I heard about bribery issues within the company, but it didn’t affect me personally."
684,I was impressed by their zero-tolerance policy towards bribery and unethical practices.
685,I was impressed by their zero-tolerance policy towards bribery and unethical practices.
686,They took immediate action against any form of bribery and ensured transparency in their process.
687,"There were rumors of bribery, but they managed to clarify the situation eventually."
688,"There’s a serious bribery problem here, and they are doing nothing to fix it."
689,"Bribery seems to be a regular occurrence in this company, and they don’t take it seriously."
690,"I heard about bribery issues within the company, but it didn’t affect me personally."
691,"I witnessed clear cases of bribery, and no action was taken against the employees involved."
692,They took immediate action against any form of bribery and ensured transparency in their process.
693,"The bribery within the company is shocking, and it's eroding trust."
694,"There’s a serious bribery problem here, and they are doing nothing to fix it."
695,The company handled the bribery accusation seriously and acted quickly to resolve the situation.
696,"There were rumors of bribery, but they managed to clarify the situation eventually."
697,"Bribery seems to be a regular occurrence in this company, and they don’t take it seriously."
698,They took immediate action against any form of bribery and ensured transparency in their process.
699,"I witnessed clear cases of bribery, and no action was taken against the employees involved."
700,"They followed up on the bribery claims, but I wasn’t fully convinced by their response."
701,The company handled the bribery accusation seriously and acted quickly to resolve the situation.
702,They took immediate action against any form of bribery and ensured transparency in their process.
703,The company is corrupt; there were clear signs of bribery during the process.
704,"They thoroughly investigated and addressed the bribery claims, restoring trust."
705,The company is corrupt; there were clear signs of bribery during the process.
706,The company handled the bribery accusation seriously and acted quickly to resolve the situation.
707,"There’s a serious bribery problem here, and they are doing nothing to fix it."
708,They took immediate action against any form of bribery and ensured transparency in their process.
709,"Bribery allegations were floating around, but the company handled it as expected."
710,"I heard about bribery issues within the company, but it didn’t affect me personally."
711,They took immediate action against any form of bribery and ensured transparency in their process.
712,"I heard about bribery issues within the company, but it didn’t affect me personally."
713,"The company addressed the bribery concerns, though it took a while for them to act."
714,"I witnessed clear cases of bribery, and no action was taken against the employees involved."
715,"The bribery within the company is shocking, and it's eroding trust."
716,"Bribery seems to be a regular occurrence in this company, and they don’t take it seriously."
717,"There were rumors of bribery, but they managed to clarify the situation eventually."
718,"I heard about bribery issues within the company, but it didn’t affect me personally."
719,The company is corrupt; there were clear signs of bribery during the process.
720,"There were rumors of bribery, but they managed to clarify the situation eventually."
721,The company handled the bribery accusation seriously and acted quickly to resolve the situation.
722,The company handled the bribery accusation seriously and acted quickly to resolve the situation.
723,The company is corrupt; there were clear signs of bribery during the process.
724,"They followed up on the bribery claims, but I wasn’t fully convinced by their response."
725,"The company addressed the bribery concerns, though it took a while for them to act."
726,They took immediate action against any form of bribery and ensured transparency in their process.
727,"They thoroughly investigated and addressed the bribery claims, restoring trust."
728,"Bribery seems to be a regular occurrence in this company, and they don’t take it seriously."
729,"They thoroughly investigated and addressed the bribery claims, restoring trust."
730,"The bribery within the company is shocking, and it's eroding trust."
731,"They followed up on the bribery claims, but I wasn’t fully convinced by their response."
732,The company handled the bribery accusation seriously and acted quickly to resolve the situation.
733,"There were rumors of bribery, but they managed to clarify the situation eventually."
734,"They followed up on the bribery claims, but I wasn’t fully convinced by their response."
735,"They thoroughly investigated and addressed the bribery claims, restoring trust."
736,"The company addressed the bribery concerns, though it took a while for them to act."
737,"They followed up on the bribery claims, but I wasn’t fully convinced by their response."
738,The company handled the bribery accusation seriously and acted quickly to resolve the situation.
739,"The company addressed the bribery concerns, though it took a while for them to act."
740,The company’s strong stance against bribery gave me confidence in their integrity.
741,"There were rumors of bribery, but they managed to clarify the situation eventually."
742,"Bribery seems to be a regular occurrence in this company, and they don’t take it seriously."
743,I was impressed by their zero-tolerance policy towards bribery and unethical practices.
744,"The company addressed the bribery concerns, though it took a while for them to act."
745,"They thoroughly investigated and addressed the bribery claims, restoring trust."
746,"There’s a serious bribery problem here, and they are doing nothing to fix it."
747,"The company addressed the bribery concerns, though it took a while for them to act."
748,They took immediate action against any form of bribery and ensured transparency in their process.
749,"The bribery within the company is shocking, and it's eroding trust."
750,"There were rumors of bribery, but they managed to clarify the situation eventually."
751,I was impressed by their zero-tolerance policy towards bribery and unethical practices.
752,"There’s a serious bribery problem here, and they are doing nothing to fix it."
753,"There’s a serious bribery problem here, and they are doing nothing to fix it."
754,"I heard about bribery issues within the company, but it didn’t affect me personally."
755,"The bribery within the company is shocking, and it's eroding trust."
756,"They followed up on the bribery claims, but I wasn’t fully convinced by their response."
757,The company handled the bribery accusation seriously and acted quickly to resolve the situation.
758,"The bribery within the company is shocking, and it's eroding trust."
759,"There’s a serious bribery problem here, and they are doing nothing to fix it."
760,"Bribery seems to be a regular occurrence in this company, and they don’t take it seriously."
761,"I heard about bribery issues within the company, but it didn’t affect me personally."
762,"They followed up on the bribery claims, but I wasn’t fully convinced by their response."
763,"They followed up on the bribery claims, but I wasn’t fully convinced by their response."
764,They took immediate action against any form of bribery and ensured transparency in their process.
765,"Bribery allegations were floating around, but the company handled it as expected."
766,"The bribery within the company is shocking, and it's eroding trust."
767,I was impressed by their zero-tolerance policy towards bribery and unethical practices.
768,"There were rumors of bribery, but they managed to clarify the situation eventually."
769,"Bribery allegations were floating around, but the company handled it as expected."
770,"There were rumors of bribery, but they managed to clarify the situation eventually."
771,"There’s a serious bribery problem here, and they are doing nothing to fix it."
772,They took immediate action against any form of bribery and ensured transparency in their process.
773,They took immediate action against any form of bribery and ensured transparency in their process.
774,"The company addressed the bribery concerns, though it took a while for them to act."
775,"Bribery seems to be a regular occurrence in this company, and they don’t take it seriously."
776,"There’s a serious bribery problem here, and they are doing nothing to fix it."
777,I was impressed by their zero-tolerance policy towards bribery and unethical practices.
778,I was impressed by their zero-tolerance policy towards bribery and unethical practices.
779,The company handled the bribery accusation seriously and acted quickly to resolve the situation.
780,"Bribery seems to be a regular occurrence in this company, and they don’t take it seriously."
781,"There’s a serious bribery problem here, and they are doing nothing to fix it."
782,The company’s strong stance against bribery gave me confidence in their integrity.
783,I was impressed by their zero-tolerance policy towards bribery and unethical practices.
784,"Bribery seems to be a regular occurrence in this company, and they don’t take it seriously."
785,"Bribery seems to be a regular occurrence in this company, and they don’t take it seriously."
786,"Bribery seems to be a regular occurrence in this company, and they don’t take it seriously."
787,"The company addressed the bribery concerns, though it took a while for them to act."
788,"There’s a serious bribery problem here, and they are doing nothing to fix it."
789,The company handled the bribery accusation seriously and acted quickly to resolve the situation.
790,They took immediate action against any form of bribery and ensured transparency in their process.
791,"Bribery allegations were floating around, but the company handled it as expected."
792,"The bribery within the company is shocking, and it's eroding trust."
793,"Bribery allegations were floating around, but the company handled it as expected."
794,"Bribery allegations were floating around, but the company handled it as expected."
795,"There were rumors of bribery, but they managed to clarify the situation eventually."
796,The company’s strong stance against bribery gave me confidence in their integrity.
797,"Bribery allegations were floating around, but the company handled it as expected."
798,The company is corrupt; there were clear signs of bribery during the process.
799,I was impressed by their zero-tolerance policy towards bribery and unethical practices.
800,"Bribery seems to be a regular occurrence in this company, and they don’t take it seriously."
801,The company’s strong stance against bribery gave me confidence in their integrity.
802,They took immediate action against any form of bribery and ensured transparency in their process.
803,"The bribery within the company is shocking, and it's eroding trust."
804,"Bribery allegations were floating around, but the company handled it as expected."
805,"The bribery within the company is shocking, and it's eroding trust."
806,"They followed up on the bribery claims, but I wasn’t fully convinced by their response."
807,"The company addressed the bribery concerns, though it took a while for them to act."
808,The company handled the bribery accusation seriously and acted quickly to resolve the situation.
809,The company handled the bribery accusation seriously and acted quickly to resolve the situation.
810,"Bribery allegations were floating around, but the company handled it as expected."
811,"Bribery allegations were floating around, but the company handled it as expected."
812,"There were rumors of bribery, but they managed to clarify the situation eventually."
813,The company handled the bribery accusation seriously and acted quickly to resolve the situation.
814,"I witnessed clear cases of bribery, and no action was taken against the employees involved."
815,The company’s strong stance against bribery gave me confidence in their integrity.
816,"I witnessed clear cases of bribery, and no action was taken against the employees involved."
817,"The company addressed the bribery concerns, though it took a while for them to act."
818,"Bribery seems to be a regular occurrence in this company, and they don’t take it seriously."
819,They took immediate action against any form of bribery and ensured transparency in their process.
820,"I heard about bribery issues within the company, but it didn’t affect me personally."
821,"Bribery seems to be a regular occurrence in this company, and they don’t take it seriously."
822,"I witnessed clear cases of bribery, and no action was taken against the employees involved."
823,The company’s strong stance against bribery gave me confidence in their integrity.
824,They took immediate action against any form of bribery and ensured transparency in their process.
825,The company is corrupt; there were clear signs of bribery during the process.
826,"Bribery allegations were floating around, but the company handled it as expected."
827,"I witnessed clear cases of bribery, and no action was taken against the employees involved."
828,The company’s strong stance against bribery gave me confidence in their integrity.
829,"The bribery within the company is shocking, and it's eroding trust."
830,The company is corrupt; there were clear signs of bribery during the process.
831,"Bribery allegations were floating around, but the company handled it as expected."
832,I was impressed by their zero-tolerance policy towards bribery and unethical practices.
833,"The bribery within the company is shocking, and it's eroding trust."
834,"I heard about bribery issues within the company, but it didn’t affect me personally."
835,"There were rumors of bribery, but they managed to clarify the situation eventually."
836,"They followed up on the bribery claims, but I wasn’t fully convinced by their response."
837,I was impressed by their zero-tolerance policy towards bribery and unethical practices.
838,The company’s strong stance against bribery gave me confidence in their integrity.
839,"They thoroughly investigated and addressed the bribery claims, restoring trust."
840,"There were rumors of bribery, but they managed to clarify the situation eventually."
841,"There’s a serious bribery problem here, and they are doing nothing to fix it."
842,"There’s a serious bribery problem here, and they are doing nothing to fix it."
843,"There were rumors of bribery, but they managed to clarify the situation eventually."
844,The company handled the bribery accusation seriously and acted quickly to resolve the situation.
845,I was impressed by their zero-tolerance policy towards bribery and unethical practices.
846,The company is corrupt; there were clear signs of bribery during the process.
847,"I heard about bribery issues within the company, but it didn’t affect me personally."
848,"There were rumors of bribery, but they managed to clarify the situation eventually."
849,I was impressed by their zero-tolerance policy towards bribery and unethical practices.
850,"There were rumors of bribery, but they managed to clarify the situation eventually."
851,"There’s a serious bribery problem here, and they are doing nothing to fix it."
852,The company is corrupt; there were clear signs of bribery during the process.
853,"I witnessed clear cases of bribery, and no action was taken against the employees involved."
854,"There were rumors of bribery, but they managed to clarify the situation eventually."
855,"I heard about bribery issues within the company, but it didn’t affect me personally."
856,The company’s strong stance against bribery gave me confidence in their integrity.
857,"Bribery seems to be a regular occurrence in this company, and they don’t take it seriously."
858,"There’s a serious bribery problem here, and they are doing nothing to fix it."
859,"The company addressed the bribery concerns, though it took a while for them to act."
860,I was impressed by their zero-tolerance policy towards bribery and unethical practices.
861,They took immediate action against any form of bribery and ensured transparency in their process.
862,"There were rumors of bribery, but they managed to clarify the situation eventually."
863,They took immediate action against any form of bribery and ensured transparency in their process.
864,The company handled the bribery accusation seriously and acted quickly to resolve the situation.
865,"There’s a serious bribery problem here, and they are doing nothing to fix it."
866,"I witnessed clear cases of bribery, and no action was taken against the employees involved."
867,The company is corrupt; there were clear signs of bribery during the process.
868,"They followed up on the bribery claims, but I wasn’t fully convinced by their response."
869,"I heard about bribery issues within the company, but it didn’t affect me personally."
870,"I heard about bribery issues within the company, but it didn’t affect me personally."
871,They took immediate action against any form of bribery and ensured transparency in their process.
872,"Bribery seems to be a regular occurrence in this company, and they don’t take it seriously."
873,"Bribery seems to be a regular occurrence in this company, and they don’t take it seriously."
874,"Bribery allegations were floating around, but the company handled it as expected."
875,The company is corrupt; there were clear signs of bribery during the process.
876,"There’s a serious bribery problem here, and they are doing nothing to fix it."
877,"They thoroughly investigated and addressed the bribery claims, restoring trust."
878,"The company addressed the bribery concerns, though it took a while for them to act."
879,"The company addressed the bribery concerns, though it took a while for them to act."
880,"The bribery within the company is shocking, and it's eroding trust."
881,"There’s a serious bribery problem here, and they are doing nothing to fix it."
882,The company handled the bribery accusation seriously and acted quickly to resolve the situation.
883,The company’s strong stance against bribery gave me confidence in their integrity.
884,"Bribery seems to be a regular occurrence in this company, and they don’t take it seriously."
885,"The company addressed the bribery concerns, though it took a while for them to act."
886,The company’s strong stance against bribery gave me confidence in their integrity.
887,"I heard about bribery issues within the company, but it didn’t affect me personally."
888,"The company addressed the bribery concerns, though it took a while for them to act."
889,"Bribery seems to be a regular occurrence in this company, and they don’t take it seriously."
890,"Bribery allegations were floating around, but the company handled it as expected."
891,"The bribery within the company is shocking, and it's eroding trust."
892,"The bribery within the company is shocking, and it's eroding trust."
893,"There were rumors of bribery, but they managed to clarify the situation eventually."
894,"I heard about bribery issues within the company, but it didn’t affect me personally."
895,The company is corrupt; there were clear signs of bribery during the process.
896,"I witnessed clear cases of bribery, and no action was taken against the employees involved."
897,"Bribery allegations were floating around, but the company handled it as expected."
898,"I witnessed clear cases of bribery, and no action was taken against the employees involved."
899,They took immediate action against any form of bribery and ensured transparency in their process.
900,"I witnessed clear cases of bribery, and no action was taken against the employees involved."
901,"Bribery seems to be a regular occurrence in this company, and they don’t take it seriously."
902,"Bribery seems to be a regular occurrence in this company, and they don’t take it seriously."
903,"There were rumors of bribery, but they managed to clarify the situation eventually."
904,"They thoroughly investigated and addressed the bribery claims, restoring trust."
905,They took immediate action against any form of bribery and ensured transparency in their process.
906,"The bribery within the company is shocking, and it's eroding trust."
907,The company’s strong stance against bribery gave me confidence in their integrity.
908,"There were rumors of bribery, but they managed to clarify the situation eventually."
909,"I heard about bribery issues within the company, but it didn’t affect me personally."
910,"I witnessed clear cases of bribery, and no action was taken against the employees involved."
911,The company handled the bribery accusation seriously and acted quickly to resolve the situation.
912,"Bribery seems to be a regular occurrence in this company, and they don’t take it seriously."
913,"There’s a serious bribery problem here, and they are doing nothing to fix it."
914,I was impressed by their zero-tolerance policy towards bribery and unethical practices.
915,"The company addressed the bribery concerns, though it took a while for them to act."
916,They took immediate action against any form of bribery and ensured transparency in their process.
917,"They thoroughly investigated and addressed the bribery claims, restoring trust."
918,"There’s a serious bribery problem here, and they are doing nothing to fix it."
919,"Bribery seems to be a regular occurrence in this company, and they don’t take it seriously."
920,"The company addressed the bribery concerns, though it took a while for them to act."
921,"The bribery within the company is shocking, and it's eroding trust."
922,I was impressed by their zero-tolerance policy towards bribery and unethical practices.
923,"The bribery within the company is shocking, and it's eroding trust."
924,The company’s strong stance against bribery gave me confidence in their integrity.
925,"I heard about bribery issues within the company, but it didn’t affect me personally."
926,The company is corrupt; there were clear signs of bribery during the process.
927,They took immediate action against any form of bribery and ensured transparency in their process.
928,They took immediate action against any form of bribery and ensured transparency in their process.
929,"They followed up on the bribery claims, but I wasn’t fully convinced by their response."
930,"They thoroughly investigated and addressed the bribery claims, restoring trust."
931,"There were rumors of bribery, but they managed to clarify the situation eventually."
932,"I witnessed clear cases of bribery, and no action was taken against the employees involved."
933,"Bribery seems to be a regular occurrence in this company, and they don’t take it seriously."
934,The company’s strong stance against bribery gave me confidence in their integrity.
935,"There were rumors of bribery, but they managed to clarify the situation eventually."
936,"They followed up on the bribery claims, but I wasn’t fully convinced by their response."
937,"There were rumors of bribery, but they managed to clarify the situation eventually."
938,The company’s strong stance against bribery gave me confidence in their integrity.
939,"There were rumors of bribery, but they managed to clarify the situation eventually."
940,"There’s a serious bribery problem here, and they are doing nothing to fix it."
941,"They thoroughly investigated and addressed the bribery claims, restoring trust."
942,"I witnessed clear cases of bribery, and no action was taken against the employees involved."
943,"I witnessed clear cases of bribery, and no action was taken against the employees involved."
944,The company handled the bribery accusation seriously and acted quickly to resolve the situation.
945,"There were rumors of bribery, but they managed to clarify the situation eventually."
946,The company is corrupt; there were clear signs of bribery during the process.
947,"There’s a serious bribery problem here, and they are doing nothing to fix it."
948,They took immediate action against any form of bribery and ensured transparency in their process.
949,"The bribery within the company is shocking, and it's eroding trust."
950,The company is corrupt; there were clear signs of bribery during the process.
951,"Bribery allegations were floating around, but the company handled it as expected."
952,"There were rumors of bribery, but they managed to clarify the situation eventually."
953,The company’s strong stance against bribery gave me confidence in their integrity.
954,"I heard about bribery issues within the company, but it didn’t affect me personally."
955,"There were rumors of bribery, but they managed to clarify the situation eventually."
956,The company is corrupt; there were clear signs of bribery during the process.
957,"They followed up on the bribery claims, but I wasn’t fully convinced by their response."
958,I was impressed by their zero-tolerance policy towards bribery and unethical practices.
959,"I witnessed clear cases of bribery, and no action was taken against the employees involved."
960,"The company addressed the bribery concerns, though it took a while for them to act."
961,I was impressed by their zero-tolerance policy towards bribery and unethical practices.
962,They took immediate action against any form of bribery and ensured transparency in their process.
963,"I witnessed clear cases of bribery, and no action was taken against the employees involved."
964,"They thoroughly investigated and addressed the bribery claims, restoring trust."
965,"I heard about bribery issues within the company, but it didn’t affect me personally."
966,"There were rumors of bribery, but they managed to clarify the situation eventually."
967,"I heard about bribery issues within the company, but it didn’t affect me personally."
968,"Bribery seems to be a regular occurrence in this company, and they don’t take it seriously."
969,"They followed up on the bribery claims, but I wasn’t fully convinced by their response."
970,"I heard about bribery issues within the company, but it didn’t affect me personally."
971,The company handled the bribery accusation seriously and acted quickly to resolve the situation.
972,"They followed up on the bribery claims, but I wasn’t fully convinced by their response."
973,"I witnessed clear cases of bribery, and no action was taken against the employees involved."
974,"I witnessed clear cases of bribery, and no action was taken against the employees involved."
975,"Bribery allegations were floating around, but the company handled it as expected."
976,I was impressed by their zero-tolerance policy towards bribery and unethical practices.
977,They took immediate action against any form of bribery and ensured transparency in their process.
978,"There were rumors of bribery, but they managed to clarify the situation eventually."
979,"They followed up on the bribery claims, but I wasn’t fully convinced by their response."
980,The company’s strong stance against bribery gave me confidence in their integrity.
981,"They thoroughly investigated and addressed the bribery claims, restoring trust."
982,"I heard about bribery issues within the company, but it didn’t affect me personally."
983,The company is corrupt; there were clear signs of bribery during the process.
984,"The bribery within the company is shocking, and it's eroding trust."
985,"They thoroughly investigated and addressed the bribery claims, restoring trust."
986,The company is corrupt; there were clear signs of bribery during the process.
987,"I witnessed clear cases of bribery, and no action was taken against the employees involved."
988,The company’s strong stance against bribery gave me confidence in their integrity.
989,"Bribery allegations were floating around, but the company handled it as expected."
990,"I witnessed clear cases of bribery, and no action was taken against the employees involved."
991,"The company addressed the bribery concerns, though it took a while for them to act."
992,"They followed up on the bribery claims, but I wasn’t fully convinced by their response."
993,"They followed up on the bribery claims, but I wasn’t fully convinced by their response."
994,The company is corrupt; there were clear signs of bribery during the process.
995,"They thoroughly investigated and addressed the bribery claims, restoring trust."
996,"They thoroughly investigated and addressed the bribery claims, restoring trust."
997,"Bribery seems to be a regular occurrence in this company, and they don’t take it seriously."
998,They took immediate action against any form of bribery and ensured transparency in their process.
999,"They thoroughly investigated and addressed the bribery claims, restoring trust."
1000,"There were rumors of bribery, but they managed to clarify the situation eventually."
