Customer_ID,Review_Text
1,"They were slow to act on a fraud alert, and I lost money."
2,"Fraud detection was adequate, but it could have been better."
3,They acted swiftly to protect me from fraudulent activity.
4,"Excellent fraud prevention, they detected the scam right away."
5,They handled the fraud issue quickly and restored my account.
6,"It took some time, but the fraud issue was resolved."
7,"I was scammed, and they did nothing to help."
8,"I was worried about a scam, but customer service reassured me and fixed the problem."
9,"Their response to the scam was okay, but not very fast."
10,"It took some time, but the fraud issue was resolved."
11,"The fraud was detected, but I had to follow up several times."
12,They took the necessary steps to prevent fraud on my account.
13,I got scammed and they didn't even respond to my complaints.
14,"The fraud was detected, but I had to follow up several times."
15,"Their fraud detection is terrible, I fell victim to a scam."
16,"They were slow to act on a fraud alert, and I lost money."
17,"The fraud was detected, but I had to follow up several times."
18,They acted swiftly to protect me from fraudulent activity.
19,"Excellent fraud prevention, they detected the scam right away."
20,"I was scammed, and they did nothing to help."
21,"I was worried about a scam, but customer service reassured me and fixed the problem."
22,"Excellent fraud prevention, they detected the scam right away."
23,"The fraud was detected, but I had to follow up several times."
24,"The fraud was detected, but I had to follow up several times."
25,"Excellent fraud prevention, they detected the scam right away."
26,"I was worried about a scam, but customer service reassured me and fixed the problem."
27,"It took some time, but the fraud issue was resolved."
28,"They were slow to act on a fraud alert, and I lost money."
29,"The fraud was detected, but I had to follow up several times."
30,They acted swiftly to protect me from fraudulent activity.
31,"I had concerns about a scam, and they eventually addressed it."
32,"It took some time, but the fraud issue was resolved."
33,"Excellent fraud prevention, they detected the scam right away."
34,They handled the fraud issue quickly and restored my account.
35,"I was scammed, and they did nothing to help."
36,"I was scammed, and they did nothing to help."
37,"Fraud detection was adequate, but it could have been better."
38,"No proper support when I reported a scam, very disappointing."
39,"The fraud was detected, but I had to follow up several times."
40,"Their response to the scam was okay, but not very fast."
41,They took the necessary steps to prevent fraud on my account.
42,"I was worried about a scam, but customer service reassured me and fixed the problem."
43,They took the necessary steps to prevent fraud on my account.
44,I got scammed and they didn't even respond to my complaints.
45,"The fraud was detected, but I had to follow up several times."
46,"They were slow to act on a fraud alert, and I lost money."
47,"No proper support when I reported a scam, very disappointing."
48,"Their response to the scam was okay, but not very fast."
49,"Excellent fraud prevention, they detected the scam right away."
50,"I was scammed, and they did nothing to help."
51,"I had concerns about a scam, and they eventually addressed it."
52,They took the necessary steps to prevent fraud on my account.
53,"I was worried about a scam, but customer service reassured me and fixed the problem."
54,"They were slow to act on a fraud alert, and I lost money."
55,"Their response to the scam was okay, but not very fast."
56,They took the necessary steps to prevent fraud on my account.
57,They handled the fraud issue quickly and restored my account.
58,"The fraud was detected, but I had to follow up several times."
59,"No proper support when I reported a scam, very disappointing."
60,"Excellent fraud prevention, they detected the scam right away."
61,"I had concerns about a scam, and they eventually addressed it."
62,They handled the fraud issue quickly and restored my account.
63,"It took some time, but the fraud issue was resolved."
64,"Their response to the scam was okay, but not very fast."
65,"Their response to the scam was okay, but not very fast."
66,"Fraud detection was adequate, but it could have been better."
67,"I was worried about a scam, but customer service reassured me and fixed the problem."
68,"I had concerns about a scam, and they eventually addressed it."
69,"It took some time, but the fraud issue was resolved."
70,"Fraud detection was adequate, but it could have been better."
71,"They were slow to act on a fraud alert, and I lost money."
72,"No proper support when I reported a scam, very disappointing."
73,"Fraud detection was adequate, but it could have been better."
74,"No proper support when I reported a scam, very disappointing."
75,"They were slow to act on a fraud alert, and I lost money."
76,They handled the fraud issue quickly and restored my account.
77,"It took some time, but the fraud issue was resolved."
78,"No proper support when I reported a scam, very disappointing."
79,"Their fraud detection is terrible, I fell victim to a scam."
80,"Excellent fraud prevention, they detected the scam right away."
81,"Their response to the scam was okay, but not very fast."
82,"No proper support when I reported a scam, very disappointing."
83,"Excellent fraud prevention, they detected the scam right away."
84,They handled the fraud issue quickly and restored my account.
85,They handled the fraud issue quickly and restored my account.
86,"I was scammed, and they did nothing to help."
87,They handled the fraud issue quickly and restored my account.
88,"Their response to the scam was okay, but not very fast."
89,"The fraud was detected, but I had to follow up several times."
90,"I had concerns about a scam, and they eventually addressed it."
91,"I had concerns about a scam, and they eventually addressed it."
92,"I was worried about a scam, but customer service reassured me and fixed the problem."
93,"Their fraud detection is terrible, I fell victim to a scam."
94,"Fraud detection was adequate, but it could have been better."
95,"Excellent fraud prevention, they detected the scam right away."
96,"It took some time, but the fraud issue was resolved."
97,I got scammed and they didn't even respond to my complaints.
98,"I was worried about a scam, but customer service reassured me and fixed the problem."
99,"Fraud detection was adequate, but it could have been better."
100,They acted swiftly to protect me from fraudulent activity.
101,"No proper support when I reported a scam, very disappointing."
102,"Excellent fraud prevention, they detected the scam right away."
103,"I was scammed, and they did nothing to help."
104,"Their fraud detection is terrible, I fell victim to a scam."
105,They acted swiftly to protect me from fraudulent activity.
106,"The fraud was detected, but I had to follow up several times."
107,"It took some time, but the fraud issue was resolved."
108,"No proper support when I reported a scam, very disappointing."
109,"Fraud detection was adequate, but it could have been better."
110,"I had concerns about a scam, and they eventually addressed it."
111,"I was scammed, and they did nothing to help."
112,"Their response to the scam was okay, but not very fast."
113,"The fraud was detected, but I had to follow up several times."
114,"Their response to the scam was okay, but not very fast."
115,"I was worried about a scam, but customer service reassured me and fixed the problem."
116,"Their fraud detection is terrible, I fell victim to a scam."
117,"I was worried about a scam, but customer service reassured me and fixed the problem."
118,"I had concerns about a scam, and they eventually addressed it."
119,"They were slow to act on a fraud alert, and I lost money."
120,"No proper support when I reported a scam, very disappointing."
121,"Their fraud detection is terrible, I fell victim to a scam."
122,"Fraud detection was adequate, but it could have been better."
123,"They were slow to act on a fraud alert, and I lost money."
124,"It took some time, but the fraud issue was resolved."
125,"It took some time, but the fraud issue was resolved."
126,"No proper support when I reported a scam, very disappointing."
127,"Their fraud detection is terrible, I fell victim to a scam."
128,"They were slow to act on a fraud alert, and I lost money."
129,"Their response to the scam was okay, but not very fast."
130,They acted swiftly to protect me from fraudulent activity.
131,They acted swiftly to protect me from fraudulent activity.
132,I got scammed and they didn't even respond to my complaints.
133,"Their response to the scam was okay, but not very fast."
134,"They were slow to act on a fraud alert, and I lost money."
135,"I was worried about a scam, but customer service reassured me and fixed the problem."
136,"No proper support when I reported a scam, very disappointing."
137,"Their response to the scam was okay, but not very fast."
138,"Their response to the scam was okay, but not very fast."
139,"It took some time, but the fraud issue was resolved."
140,They acted swiftly to protect me from fraudulent activity.
141,"Fraud detection was adequate, but it could have been better."
142,"They were slow to act on a fraud alert, and I lost money."
143,"Their response to the scam was okay, but not very fast."
144,"I was worried about a scam, but customer service reassured me and fixed the problem."
145,"They were slow to act on a fraud alert, and I lost money."
146,I got scammed and they didn't even respond to my complaints.
147,They acted swiftly to protect me from fraudulent activity.
148,"I was worried about a scam, but customer service reassured me and fixed the problem."
149,"The fraud was detected, but I had to follow up several times."
150,"Excellent fraud prevention, they detected the scam right away."
151,"I was scammed, and they did nothing to help."
152,"Their fraud detection is terrible, I fell victim to a scam."
153,"Their response to the scam was okay, but not very fast."
154,"Fraud detection was adequate, but it could have been better."
155,They took the necessary steps to prevent fraud on my account.
156,"I was scammed, and they did nothing to help."
157,"I had concerns about a scam, and they eventually addressed it."
158,"Fraud detection was adequate, but it could have been better."
159,"Their fraud detection is terrible, I fell victim to a scam."
160,"I was scammed, and they did nothing to help."
161,"I had concerns about a scam, and they eventually addressed it."
162,I got scammed and they didn't even respond to my complaints.
163,"I was scammed, and they did nothing to help."
164,"They were slow to act on a fraud alert, and I lost money."
165,"Their fraud detection is terrible, I fell victim to a scam."
166,"I was scammed, and they did nothing to help."
167,"Excellent fraud prevention, they detected the scam right away."
168,They acted swiftly to protect me from fraudulent activity.
169,I got scammed and they didn't even respond to my complaints.
170,"No proper support when I reported a scam, very disappointing."
171,"It took some time, but the fraud issue was resolved."
172,"Their fraud detection is terrible, I fell victim to a scam."
173,"Excellent fraud prevention, they detected the scam right away."
174,"Their response to the scam was okay, but not very fast."
175,"They were slow to act on a fraud alert, and I lost money."
176,"I had concerns about a scam, and they eventually addressed it."
177,I got scammed and they didn't even respond to my complaints.
178,"No proper support when I reported a scam, very disappointing."
179,"Their fraud detection is terrible, I fell victim to a scam."
180,They acted swiftly to protect me from fraudulent activity.
181,"They were slow to act on a fraud alert, and I lost money."
182,I got scammed and they didn't even respond to my complaints.
183,I got scammed and they didn't even respond to my complaints.
184,I got scammed and they didn't even respond to my complaints.
185,"Their response to the scam was okay, but not very fast."
186,"I was worried about a scam, but customer service reassured me and fixed the problem."
187,"Excellent fraud prevention, they detected the scam right away."
188,They took the necessary steps to prevent fraud on my account.
189,"Their response to the scam was okay, but not very fast."
190,I got scammed and they didn't even respond to my complaints.
191,"I was worried about a scam, but customer service reassured me and fixed the problem."
192,They acted swiftly to protect me from fraudulent activity.
193,I got scammed and they didn't even respond to my complaints.
194,"Their fraud detection is terrible, I fell victim to a scam."
195,"I was scammed, and they did nothing to help."
196,"Their fraud detection is terrible, I fell victim to a scam."
197,They handled the fraud issue quickly and restored my account.
198,They handled the fraud issue quickly and restored my account.
199,They handled the fraud issue quickly and restored my account.
200,"Their response to the scam was okay, but not very fast."
201,They took the necessary steps to prevent fraud on my account.
202,"They were slow to act on a fraud alert, and I lost money."
203,"No proper support when I reported a scam, very disappointing."
204,"It took some time, but the fraud issue was resolved."
205,"No proper support when I reported a scam, very disappointing."
206,"Their fraud detection is terrible, I fell victim to a scam."
207,They took the necessary steps to prevent fraud on my account.
208,"Excellent fraud prevention, they detected the scam right away."
209,"They were slow to act on a fraud alert, and I lost money."
210,"I was worried about a scam, but customer service reassured me and fixed the problem."
211,"Excellent fraud prevention, they detected the scam right away."
212,I got scammed and they didn't even respond to my complaints.
213,They acted swiftly to protect me from fraudulent activity.
214,"It took some time, but the fraud issue was resolved."
215,"I was scammed, and they did nothing to help."
216,"Fraud detection was adequate, but it could have been better."
217,"Excellent fraud prevention, they detected the scam right away."
218,"Their response to the scam was okay, but not very fast."
219,"Fraud detection was adequate, but it could have been better."
220,"Their fraud detection is terrible, I fell victim to a scam."
221,"Their response to the scam was okay, but not very fast."
222,"Their fraud detection is terrible, I fell victim to a scam."
223,"I had concerns about a scam, and they eventually addressed it."
224,"No proper support when I reported a scam, very disappointing."
225,"The fraud was detected, but I had to follow up several times."
226,"I was scammed, and they did nothing to help."
227,"Their response to the scam was okay, but not very fast."
228,"No proper support when I reported a scam, very disappointing."
229,They handled the fraud issue quickly and restored my account.
230,"Fraud detection was adequate, but it could have been better."
231,They acted swiftly to protect me from fraudulent activity.
232,"I was worried about a scam, but customer service reassured me and fixed the problem."
233,"Excellent fraud prevention, they detected the scam right away."
234,"I was scammed, and they did nothing to help."
235,"No proper support when I reported a scam, very disappointing."
236,"Fraud detection was adequate, but it could have been better."
237,"Their response to the scam was okay, but not very fast."
238,"The fraud was detected, but I had to follow up several times."
239,"Their response to the scam was okay, but not very fast."
240,They acted swiftly to protect me from fraudulent activity.
241,"The fraud was detected, but I had to follow up several times."
242,"I was worried about a scam, but customer service reassured me and fixed the problem."
243,"It took some time, but the fraud issue was resolved."
244,"The fraud was detected, but I had to follow up several times."
245,They acted swiftly to protect me from fraudulent activity.
246,"I had concerns about a scam, and they eventually addressed it."
247,"I had concerns about a scam, and they eventually addressed it."
248,"I had concerns about a scam, and they eventually addressed it."
249,I got scammed and they didn't even respond to my complaints.
250,I got scammed and they didn't even respond to my complaints.
251,"I was worried about a scam, but customer service reassured me and fixed the problem."
252,They handled the fraud issue quickly and restored my account.
253,They acted swiftly to protect me from fraudulent activity.
254,I got scammed and they didn't even respond to my complaints.
255,"I was scammed, and they did nothing to help."
256,"I was scammed, and they did nothing to help."
257,I got scammed and they didn't even respond to my complaints.
258,"They were slow to act on a fraud alert, and I lost money."
259,They acted swiftly to protect me from fraudulent activity.
260,"Fraud detection was adequate, but it could have been better."
261,"Their fraud detection is terrible, I fell victim to a scam."
262,"The fraud was detected, but I had to follow up several times."
263,"Excellent fraud prevention, they detected the scam right away."
264,"No proper support when I reported a scam, very disappointing."
265,"I was scammed, and they did nothing to help."
266,"The fraud was detected, but I had to follow up several times."
267,"They were slow to act on a fraud alert, and I lost money."
268,"Excellent fraud prevention, they detected the scam right away."
269,"They were slow to act on a fraud alert, and I lost money."
270,"Their response to the scam was okay, but not very fast."
271,"No proper support when I reported a scam, very disappointing."
272,I got scammed and they didn't even respond to my complaints.
273,"I had concerns about a scam, and they eventually addressed it."
274,I got scammed and they didn't even respond to my complaints.
275,"They were slow to act on a fraud alert, and I lost money."
276,"I was scammed, and they did nothing to help."
277,"Their response to the scam was okay, but not very fast."
278,"Fraud detection was adequate, but it could have been better."
279,"I was worried about a scam, but customer service reassured me and fixed the problem."
280,"It took some time, but the fraud issue was resolved."
281,"It took some time, but the fraud issue was resolved."
282,"I had concerns about a scam, and they eventually addressed it."
283,"Fraud detection was adequate, but it could have been better."
284,They handled the fraud issue quickly and restored my account.
285,"Their fraud detection is terrible, I fell victim to a scam."
286,"No proper support when I reported a scam, very disappointing."
287,"It took some time, but the fraud issue was resolved."
288,"It took some time, but the fraud issue was resolved."
289,"No proper support when I reported a scam, very disappointing."
290,They took the necessary steps to prevent fraud on my account.
291,"Their response to the scam was okay, but not very fast."
292,"They were slow to act on a fraud alert, and I lost money."
293,"No proper support when I reported a scam, very disappointing."
294,"The fraud was detected, but I had to follow up several times."
295,They handled the fraud issue quickly and restored my account.
296,They took the necessary steps to prevent fraud on my account.
297,They acted swiftly to protect me from fraudulent activity.
298,"No proper support when I reported a scam, very disappointing."
299,I got scammed and they didn't even respond to my complaints.
300,They took the necessary steps to prevent fraud on my account.
301,"They were slow to act on a fraud alert, and I lost money."
302,I got scammed and they didn't even respond to my complaints.
303,"Excellent fraud prevention, they detected the scam right away."
304,"Their response to the scam was okay, but not very fast."
305,"The fraud was detected, but I had to follow up several times."
306,"No proper support when I reported a scam, very disappointing."
307,"Fraud detection was adequate, but it could have been better."
308,"Their response to the scam was okay, but not very fast."
309,"No proper support when I reported a scam, very disappointing."
310,"Their fraud detection is terrible, I fell victim to a scam."
311,"They were slow to act on a fraud alert, and I lost money."
312,"The fraud was detected, but I had to follow up several times."
313,They handled the fraud issue quickly and restored my account.
314,"They were slow to act on a fraud alert, and I lost money."
315,"The fraud was detected, but I had to follow up several times."
316,They handled the fraud issue quickly and restored my account.
317,"I was worried about a scam, but customer service reassured me and fixed the problem."
318,They handled the fraud issue quickly and restored my account.
319,"They were slow to act on a fraud alert, and I lost money."
320,"Their fraud detection is terrible, I fell victim to a scam."
321,"I had concerns about a scam, and they eventually addressed it."
322,"I had concerns about a scam, and they eventually addressed it."
323,They acted swiftly to protect me from fraudulent activity.
324,"I was worried about a scam, but customer service reassured me and fixed the problem."
325,"I was worried about a scam, but customer service reassured me and fixed the problem."
326,"They were slow to act on a fraud alert, and I lost money."
327,"They were slow to act on a fraud alert, and I lost money."
328,"The fraud was detected, but I had to follow up several times."
329,"Their fraud detection is terrible, I fell victim to a scam."
330,They acted swiftly to protect me from fraudulent activity.
331,I got scammed and they didn't even respond to my complaints.
332,I got scammed and they didn't even respond to my complaints.
333,"They were slow to act on a fraud alert, and I lost money."
334,"It took some time, but the fraud issue was resolved."
335,"Their fraud detection is terrible, I fell victim to a scam."
336,"Their response to the scam was okay, but not very fast."
337,"I was scammed, and they did nothing to help."
338,They handled the fraud issue quickly and restored my account.
339,"No proper support when I reported a scam, very disappointing."
340,"Their fraud detection is terrible, I fell victim to a scam."
341,I got scammed and they didn't even respond to my complaints.
342,They took the necessary steps to prevent fraud on my account.
343,"Their fraud detection is terrible, I fell victim to a scam."
344,"Their response to the scam was okay, but not very fast."
345,They took the necessary steps to prevent fraud on my account.
346,They handled the fraud issue quickly and restored my account.
347,"The fraud was detected, but I had to follow up several times."
348,"No proper support when I reported a scam, very disappointing."
349,"Their fraud detection is terrible, I fell victim to a scam."
350,"It took some time, but the fraud issue was resolved."
351,"I had concerns about a scam, and they eventually addressed it."
352,They took the necessary steps to prevent fraud on my account.
353,I got scammed and they didn't even respond to my complaints.
354,"Their fraud detection is terrible, I fell victim to a scam."
355,I got scammed and they didn't even respond to my complaints.
356,I got scammed and they didn't even respond to my complaints.
357,They handled the fraud issue quickly and restored my account.
358,"Fraud detection was adequate, but it could have been better."
359,"Their response to the scam was okay, but not very fast."
360,"I was scammed, and they did nothing to help."
361,They acted swiftly to protect me from fraudulent activity.
362,They handled the fraud issue quickly and restored my account.
363,I got scammed and they didn't even respond to my complaints.
364,"No proper support when I reported a scam, very disappointing."
365,"It took some time, but the fraud issue was resolved."
366,"They were slow to act on a fraud alert, and I lost money."
367,"I was scammed, and they did nothing to help."
368,I got scammed and they didn't even respond to my complaints.
369,"It took some time, but the fraud issue was resolved."
370,"The fraud was detected, but I had to follow up several times."
371,I got scammed and they didn't even respond to my complaints.
372,"The fraud was detected, but I had to follow up several times."
373,"I was scammed, and they did nothing to help."
374,"Fraud detection was adequate, but it could have been better."
375,"No proper support when I reported a scam, very disappointing."
376,"Excellent fraud prevention, they detected the scam right away."
377,"Fraud detection was adequate, but it could have been better."
378,"Excellent fraud prevention, they detected the scam right away."
379,"Excellent fraud prevention, they detected the scam right away."
380,They handled the fraud issue quickly and restored my account.
381,"No proper support when I reported a scam, very disappointing."
382,"Fraud detection was adequate, but it could have been better."
383,"Fraud detection was adequate, but it could have been better."
384,"The fraud was detected, but I had to follow up several times."
385,I got scammed and they didn't even respond to my complaints.
386,"It took some time, but the fraud issue was resolved."
387,I got scammed and they didn't even respond to my complaints.
388,"Excellent fraud prevention, they detected the scam right away."
389,"They were slow to act on a fraud alert, and I lost money."
390,"I was worried about a scam, but customer service reassured me and fixed the problem."
391,They acted swiftly to protect me from fraudulent activity.
392,"Fraud detection was adequate, but it could have been better."
393,"No proper support when I reported a scam, very disappointing."
394,"I had concerns about a scam, and they eventually addressed it."
395,"I was scammed, and they did nothing to help."
396,"Their response to the scam was okay, but not very fast."
397,"I was worried about a scam, but customer service reassured me and fixed the problem."
398,They took the necessary steps to prevent fraud on my account.
399,"I was worried about a scam, but customer service reassured me and fixed the problem."
400,"It took some time, but the fraud issue was resolved."
401,"It took some time, but the fraud issue was resolved."
402,They handled the fraud issue quickly and restored my account.
403,"Their fraud detection is terrible, I fell victim to a scam."
404,"Fraud detection was adequate, but it could have been better."
405,"I was scammed, and they did nothing to help."
406,"Their response to the scam was okay, but not very fast."
407,They handled the fraud issue quickly and restored my account.
408,"Fraud detection was adequate, but it could have been better."
409,They took the necessary steps to prevent fraud on my account.
410,"It took some time, but the fraud issue was resolved."
411,"They were slow to act on a fraud alert, and I lost money."
412,"I had concerns about a scam, and they eventually addressed it."
413,"Excellent fraud prevention, they detected the scam right away."
414,"I was scammed, and they did nothing to help."
415,"They were slow to act on a fraud alert, and I lost money."
416,"Excellent fraud prevention, they detected the scam right away."
417,"Their fraud detection is terrible, I fell victim to a scam."
418,They handled the fraud issue quickly and restored my account.
419,"Fraud detection was adequate, but it could have been better."
420,"Excellent fraud prevention, they detected the scam right away."
421,They handled the fraud issue quickly and restored my account.
422,"Excellent fraud prevention, they detected the scam right away."
423,"I was worried about a scam, but customer service reassured me and fixed the problem."
424,"It took some time, but the fraud issue was resolved."
425,"Fraud detection was adequate, but it could have been better."
426,"Fraud detection was adequate, but it could have been better."
427,They acted swiftly to protect me from fraudulent activity.
428,"I was scammed, and they did nothing to help."
429,They took the necessary steps to prevent fraud on my account.
430,They took the necessary steps to prevent fraud on my account.
431,They acted swiftly to protect me from fraudulent activity.
432,They acted swiftly to protect me from fraudulent activity.
433,"The fraud was detected, but I had to follow up several times."
434,"I had concerns about a scam, and they eventually addressed it."
435,I got scammed and they didn't even respond to my complaints.
436,"Fraud detection was adequate, but it could have been better."
437,"It took some time, but the fraud issue was resolved."
438,"I was worried about a scam, but customer service reassured me and fixed the problem."
439,"Fraud detection was adequate, but it could have been better."
440,I got scammed and they didn't even respond to my complaints.
441,"Fraud detection was adequate, but it could have been better."
442,"They were slow to act on a fraud alert, and I lost money."
443,"The fraud was detected, but I had to follow up several times."
444,"Their fraud detection is terrible, I fell victim to a scam."
445,"Excellent fraud prevention, they detected the scam right away."
446,"It took some time, but the fraud issue was resolved."
447,They acted swiftly to protect me from fraudulent activity.
448,"It took some time, but the fraud issue was resolved."
449,"Their fraud detection is terrible, I fell victim to a scam."
450,"I was scammed, and they did nothing to help."
451,"The fraud was detected, but I had to follow up several times."
452,"No proper support when I reported a scam, very disappointing."
453,"I was worried about a scam, but customer service reassured me and fixed the problem."
454,"They were slow to act on a fraud alert, and I lost money."
455,"It took some time, but the fraud issue was resolved."
456,"No proper support when I reported a scam, very disappointing."
457,"Their response to the scam was okay, but not very fast."
458,"Excellent fraud prevention, they detected the scam right away."
459,I got scammed and they didn't even respond to my complaints.
460,"I was scammed, and they did nothing to help."
461,"I was worried about a scam, but customer service reassured me and fixed the problem."
462,"Excellent fraud prevention, they detected the scam right away."
463,"Their response to the scam was okay, but not very fast."
464,"I was worried about a scam, but customer service reassured me and fixed the problem."
465,They took the necessary steps to prevent fraud on my account.
466,"Excellent fraud prevention, they detected the scam right away."
467,"I was worried about a scam, but customer service reassured me and fixed the problem."
468,I got scammed and they didn't even respond to my complaints.
469,"They were slow to act on a fraud alert, and I lost money."
470,"No proper support when I reported a scam, very disappointing."
471,"Fraud detection was adequate, but it could have been better."
472,"I was worried about a scam, but customer service reassured me and fixed the problem."
473,"I had concerns about a scam, and they eventually addressed it."
474,"It took some time, but the fraud issue was resolved."
475,"The fraud was detected, but I had to follow up several times."
476,"I had concerns about a scam, and they eventually addressed it."
477,"The fraud was detected, but I had to follow up several times."
478,"I had concerns about a scam, and they eventually addressed it."
479,"They were slow to act on a fraud alert, and I lost money."
480,They acted swiftly to protect me from fraudulent activity.
481,"It took some time, but the fraud issue was resolved."
482,"I had concerns about a scam, and they eventually addressed it."
483,"I had concerns about a scam, and they eventually addressed it."
484,"I was worried about a scam, but customer service reassured me and fixed the problem."
485,"Their fraud detection is terrible, I fell victim to a scam."
486,"Their response to the scam was okay, but not very fast."
487,"The fraud was detected, but I had to follow up several times."
488,"The fraud was detected, but I had to follow up several times."
489,"They were slow to act on a fraud alert, and I lost money."
490,"Excellent fraud prevention, they detected the scam right away."
491,"They were slow to act on a fraud alert, and I lost money."
492,"Their response to the scam was okay, but not very fast."
493,"The fraud was detected, but I had to follow up several times."
494,"They were slow to act on a fraud alert, and I lost money."
495,"I had concerns about a scam, and they eventually addressed it."
496,"The fraud was detected, but I had to follow up several times."
497,"Excellent fraud prevention, they detected the scam right away."
498,"Fraud detection was adequate, but it could have been better."
499,"No proper support when I reported a scam, very disappointing."
500,"Their response to the scam was okay, but not very fast."
501,I got scammed and they didn't even respond to my complaints.
502,"Excellent fraud prevention, they detected the scam right away."
503,"No proper support when I reported a scam, very disappointing."
504,"They were slow to act on a fraud alert, and I lost money."
505,"The fraud was detected, but I had to follow up several times."
506,"Fraud detection was adequate, but it could have been better."
507,They acted swiftly to protect me from fraudulent activity.
508,"It took some time, but the fraud issue was resolved."
509,They handled the fraud issue quickly and restored my account.
510,"Their fraud detection is terrible, I fell victim to a scam."
511,"Fraud detection was adequate, but it could have been better."
512,"Their fraud detection is terrible, I fell victim to a scam."
513,They took the necessary steps to prevent fraud on my account.
514,They acted swiftly to protect me from fraudulent activity.
515,"It took some time, but the fraud issue was resolved."
516,"No proper support when I reported a scam, very disappointing."
517,"The fraud was detected, but I had to follow up several times."
518,They acted swiftly to protect me from fraudulent activity.
519,"It took some time, but the fraud issue was resolved."
520,I got scammed and they didn't even respond to my complaints.
521,"Their fraud detection is terrible, I fell victim to a scam."
522,"Their fraud detection is terrible, I fell victim to a scam."
523,"Excellent fraud prevention, they detected the scam right away."
524,They handled the fraud issue quickly and restored my account.
525,"Excellent fraud prevention, they detected the scam right away."
526,"They were slow to act on a fraud alert, and I lost money."
527,"No proper support when I reported a scam, very disappointing."
528,I got scammed and they didn't even respond to my complaints.
529,"It took some time, but the fraud issue was resolved."
530,"The fraud was detected, but I had to follow up several times."
531,I got scammed and they didn't even respond to my complaints.
532,"Excellent fraud prevention, they detected the scam right away."
533,"No proper support when I reported a scam, very disappointing."
534,"I was worried about a scam, but customer service reassured me and fixed the problem."
535,"The fraud was detected, but I had to follow up several times."
536,"It took some time, but the fraud issue was resolved."
537,They handled the fraud issue quickly and restored my account.
538,"Excellent fraud prevention, they detected the scam right away."
539,They handled the fraud issue quickly and restored my account.
540,They acted swiftly to protect me from fraudulent activity.
541,I got scammed and they didn't even respond to my complaints.
542,"I had concerns about a scam, and they eventually addressed it."
543,I got scammed and they didn't even respond to my complaints.
544,"They were slow to act on a fraud alert, and I lost money."
545,They took the necessary steps to prevent fraud on my account.
546,"The fraud was detected, but I had to follow up several times."
547,"I was worried about a scam, but customer service reassured me and fixed the problem."
548,"I had concerns about a scam, and they eventually addressed it."
549,They handled the fraud issue quickly and restored my account.
550,"I was worried about a scam, but customer service reassured me and fixed the problem."
551,"Fraud detection was adequate, but it could have been better."
552,"I had concerns about a scam, and they eventually addressed it."
553,"Their response to the scam was okay, but not very fast."
554,"They were slow to act on a fraud alert, and I lost money."
555,"It took some time, but the fraud issue was resolved."
556,"It took some time, but the fraud issue was resolved."
557,I got scammed and they didn't even respond to my complaints.
558,"They were slow to act on a fraud alert, and I lost money."
559,"The fraud was detected, but I had to follow up several times."
560,"I had concerns about a scam, and they eventually addressed it."
561,I got scammed and they didn't even respond to my complaints.
562,"I had concerns about a scam, and they eventually addressed it."
563,"Fraud detection was adequate, but it could have been better."
564,"Fraud detection was adequate, but it could have been better."
565,"They were slow to act on a fraud alert, and I lost money."
566,"It took some time, but the fraud issue was resolved."
567,"It took some time, but the fraud issue was resolved."
568,"Their response to the scam was okay, but not very fast."
569,"I was worried about a scam, but customer service reassured me and fixed the problem."
570,They took the necessary steps to prevent fraud on my account.
571,"Fraud detection was adequate, but it could have been better."
572,"Fraud detection was adequate, but it could have been better."
573,"I was worried about a scam, but customer service reassured me and fixed the problem."
574,"I was scammed, and they did nothing to help."
575,"They were slow to act on a fraud alert, and I lost money."
576,"Excellent fraud prevention, they detected the scam right away."
577,"Their response to the scam was okay, but not very fast."
578,"Fraud detection was adequate, but it could have been better."
579,They took the necessary steps to prevent fraud on my account.
580,I got scammed and they didn't even respond to my complaints.
581,"Fraud detection was adequate, but it could have been better."
582,"Their response to the scam was okay, but not very fast."
583,They acted swiftly to protect me from fraudulent activity.
584,"I was worried about a scam, but customer service reassured me and fixed the problem."
585,"I was scammed, and they did nothing to help."
586,"Fraud detection was adequate, but it could have been better."
587,"They were slow to act on a fraud alert, and I lost money."
588,They handled the fraud issue quickly and restored my account.
589,"They were slow to act on a fraud alert, and I lost money."
590,"Fraud detection was adequate, but it could have been better."
591,"Their fraud detection is terrible, I fell victim to a scam."
592,"Their fraud detection is terrible, I fell victim to a scam."
593,I got scammed and they didn't even respond to my complaints.
594,"No proper support when I reported a scam, very disappointing."
595,"I had concerns about a scam, and they eventually addressed it."
596,They took the necessary steps to prevent fraud on my account.
597,"I was scammed, and they did nothing to help."
598,"I had concerns about a scam, and they eventually addressed it."
599,"Excellent fraud prevention, they detected the scam right away."
600,"I was scammed, and they did nothing to help."
601,"I was worried about a scam, but customer service reassured me and fixed the problem."
602,"Their fraud detection is terrible, I fell victim to a scam."
603,"I was worried about a scam, but customer service reassured me and fixed the problem."
604,"I was worried about a scam, but customer service reassured me and fixed the problem."
605,"I was scammed, and they did nothing to help."
606,"I had concerns about a scam, and they eventually addressed it."
607,"Fraud detection was adequate, but it could have been better."
608,They acted swiftly to protect me from fraudulent activity.
609,"Fraud detection was adequate, but it could have been better."
610,"I was scammed, and they did nothing to help."
611,"Fraud detection was adequate, but it could have been better."
612,"It took some time, but the fraud issue was resolved."
613,"Excellent fraud prevention, they detected the scam right away."
614,"No proper support when I reported a scam, very disappointing."
615,They acted swiftly to protect me from fraudulent activity.
616,"I was worried about a scam, but customer service reassured me and fixed the problem."
617,"Fraud detection was adequate, but it could have been better."
618,They took the necessary steps to prevent fraud on my account.
619,They acted swiftly to protect me from fraudulent activity.
620,"I was worried about a scam, but customer service reassured me and fixed the problem."
621,"Excellent fraud prevention, they detected the scam right away."
622,"Fraud detection was adequate, but it could have been better."
623,"I was scammed, and they did nothing to help."
624,"Fraud detection was adequate, but it could have been better."
625,"They were slow to act on a fraud alert, and I lost money."
626,"Their fraud detection is terrible, I fell victim to a scam."
627,"They were slow to act on a fraud alert, and I lost money."
628,"Fraud detection was adequate, but it could have been better."
629,"It took some time, but the fraud issue was resolved."
630,They took the necessary steps to prevent fraud on my account.
631,"It took some time, but the fraud issue was resolved."
632,They took the necessary steps to prevent fraud on my account.
633,"They were slow to act on a fraud alert, and I lost money."
634,"Their fraud detection is terrible, I fell victim to a scam."
635,"I had concerns about a scam, and they eventually addressed it."
636,"Their fraud detection is terrible, I fell victim to a scam."
637,"I was scammed, and they did nothing to help."
638,"Their response to the scam was okay, but not very fast."
639,I got scammed and they didn't even respond to my complaints.
640,"Fraud detection was adequate, but it could have been better."
641,"No proper support when I reported a scam, very disappointing."
642,I got scammed and they didn't even respond to my complaints.
643,"I was worried about a scam, but customer service reassured me and fixed the problem."
644,"They were slow to act on a fraud alert, and I lost money."
645,"Their response to the scam was okay, but not very fast."
646,They handled the fraud issue quickly and restored my account.
647,"I had concerns about a scam, and they eventually addressed it."
648,They handled the fraud issue quickly and restored my account.
649,"No proper support when I reported a scam, very disappointing."
650,They took the necessary steps to prevent fraud on my account.
651,"Their response to the scam was okay, but not very fast."
652,"No proper support when I reported a scam, very disappointing."
653,"I was scammed, and they did nothing to help."
654,"No proper support when I reported a scam, very disappointing."
655,They acted swiftly to protect me from fraudulent activity.
656,I got scammed and they didn't even respond to my complaints.
657,They handled the fraud issue quickly and restored my account.
658,"I had concerns about a scam, and they eventually addressed it."
659,"They were slow to act on a fraud alert, and I lost money."
660,"Their fraud detection is terrible, I fell victim to a scam."
661,I got scammed and they didn't even respond to my complaints.
662,They acted swiftly to protect me from fraudulent activity.
663,"The fraud was detected, but I had to follow up several times."
664,"Their response to the scam was okay, but not very fast."
665,"I was scammed, and they did nothing to help."
666,"I was scammed, and they did nothing to help."
667,They took the necessary steps to prevent fraud on my account.
668,"I was worried about a scam, but customer service reassured me and fixed the problem."
669,"The fraud was detected, but I had to follow up several times."
670,"I had concerns about a scam, and they eventually addressed it."
671,"I had concerns about a scam, and they eventually addressed it."
672,"Their fraud detection is terrible, I fell victim to a scam."
673,"I was worried about a scam, but customer service reassured me and fixed the problem."
674,"Their fraud detection is terrible, I fell victim to a scam."
675,They acted swiftly to protect me from fraudulent activity.
676,"Fraud detection was adequate, but it could have been better."
677,"Fraud detection was adequate, but it could have been better."
678,They took the necessary steps to prevent fraud on my account.
679,"I was worried about a scam, but customer service reassured me and fixed the problem."
680,"Their response to the scam was okay, but not very fast."
681,"I was scammed, and they did nothing to help."
682,I got scammed and they didn't even respond to my complaints.
683,"No proper support when I reported a scam, very disappointing."
684,"I had concerns about a scam, and they eventually addressed it."
685,They handled the fraud issue quickly and restored my account.
686,"Their fraud detection is terrible, I fell victim to a scam."
687,They handled the fraud issue quickly and restored my account.
688,They handled the fraud issue quickly and restored my account.
689,"The fraud was detected, but I had to follow up several times."
690,"Their fraud detection is terrible, I fell victim to a scam."
691,"The fraud was detected, but I had to follow up several times."
692,"I had concerns about a scam, and they eventually addressed it."
693,They took the necessary steps to prevent fraud on my account.
694,They handled the fraud issue quickly and restored my account.
695,"I was worried about a scam, but customer service reassured me and fixed the problem."
696,They handled the fraud issue quickly and restored my account.
697,I got scammed and they didn't even respond to my complaints.
698,"Their fraud detection is terrible, I fell victim to a scam."
699,They acted swiftly to protect me from fraudulent activity.
700,"Their fraud detection is terrible, I fell victim to a scam."
701,"The fraud was detected, but I had to follow up several times."
702,I got scammed and they didn't even respond to my complaints.
703,"I had concerns about a scam, and they eventually addressed it."
704,"I had concerns about a scam, and they eventually addressed it."
705,I got scammed and they didn't even respond to my complaints.
706,"Their fraud detection is terrible, I fell victim to a scam."
707,"The fraud was detected, but I had to follow up several times."
708,They acted swiftly to protect me from fraudulent activity.
709,"No proper support when I reported a scam, very disappointing."
710,"Their fraud detection is terrible, I fell victim to a scam."
711,I got scammed and they didn't even respond to my complaints.
712,"No proper support when I reported a scam, very disappointing."
713,"They were slow to act on a fraud alert, and I lost money."
714,"Excellent fraud prevention, they detected the scam right away."
715,"No proper support when I reported a scam, very disappointing."
716,"I was worried about a scam, but customer service reassured me and fixed the problem."
717,They acted swiftly to protect me from fraudulent activity.
718,"Fraud detection was adequate, but it could have been better."
719,They acted swiftly to protect me from fraudulent activity.
720,"I was worried about a scam, but customer service reassured me and fixed the problem."
721,"Their response to the scam was okay, but not very fast."
722,They acted swiftly to protect me from fraudulent activity.
723,"It took some time, but the fraud issue was resolved."
724,"I was worried about a scam, but customer service reassured me and fixed the problem."
725,"No proper support when I reported a scam, very disappointing."
726,"They were slow to act on a fraud alert, and I lost money."
727,"Fraud detection was adequate, but it could have been better."
728,"I was scammed, and they did nothing to help."
729,They acted swiftly to protect me from fraudulent activity.
730,I got scammed and they didn't even respond to my complaints.
731,They acted swiftly to protect me from fraudulent activity.
732,I got scammed and they didn't even respond to my complaints.
733,"No proper support when I reported a scam, very disappointing."
734,They acted swiftly to protect me from fraudulent activity.
735,"I had concerns about a scam, and they eventually addressed it."
736,They acted swiftly to protect me from fraudulent activity.
737,"I was worried about a scam, but customer service reassured me and fixed the problem."
738,I got scammed and they didn't even respond to my complaints.
739,They handled the fraud issue quickly and restored my account.
740,"Excellent fraud prevention, they detected the scam right away."
741,They handled the fraud issue quickly and restored my account.
742,"Fraud detection was adequate, but it could have been better."
743,"It took some time, but the fraud issue was resolved."
744,"I had concerns about a scam, and they eventually addressed it."
745,"I had concerns about a scam, and they eventually addressed it."
746,"The fraud was detected, but I had to follow up several times."
747,They acted swiftly to protect me from fraudulent activity.
748,I got scammed and they didn't even respond to my complaints.
749,They acted swiftly to protect me from fraudulent activity.
750,They took the necessary steps to prevent fraud on my account.
751,They took the necessary steps to prevent fraud on my account.
752,"They were slow to act on a fraud alert, and I lost money."
753,"Excellent fraud prevention, they detected the scam right away."
754,"They were slow to act on a fraud alert, and I lost money."
755,"Their response to the scam was okay, but not very fast."
756,"Excellent fraud prevention, they detected the scam right away."
757,"It took some time, but the fraud issue was resolved."
758,I got scammed and they didn't even respond to my complaints.
759,"No proper support when I reported a scam, very disappointing."
760,"No proper support when I reported a scam, very disappointing."
761,They acted swiftly to protect me from fraudulent activity.
762,They acted swiftly to protect me from fraudulent activity.
763,"The fraud was detected, but I had to follow up several times."
764,I got scammed and they didn't even respond to my complaints.
765,"No proper support when I reported a scam, very disappointing."
766,They took the necessary steps to prevent fraud on my account.
767,They took the necessary steps to prevent fraud on my account.
768,"I had concerns about a scam, and they eventually addressed it."
769,"Excellent fraud prevention, they detected the scam right away."
770,"Excellent fraud prevention, they detected the scam right away."
771,"Fraud detection was adequate, but it could have been better."
772,I got scammed and they didn't even respond to my complaints.
773,They acted swiftly to protect me from fraudulent activity.
774,I got scammed and they didn't even respond to my complaints.
775,"No proper support when I reported a scam, very disappointing."
776,I got scammed and they didn't even respond to my complaints.
777,"I was worried about a scam, but customer service reassured me and fixed the problem."
778,"The fraud was detected, but I had to follow up several times."
779,They acted swiftly to protect me from fraudulent activity.
780,"I was scammed, and they did nothing to help."
781,"Their response to the scam was okay, but not very fast."
782,"Their fraud detection is terrible, I fell victim to a scam."
783,"I was worried about a scam, but customer service reassured me and fixed the problem."
784,"Excellent fraud prevention, they detected the scam right away."
785,They acted swiftly to protect me from fraudulent activity.
786,"No proper support when I reported a scam, very disappointing."
787,"Their response to the scam was okay, but not very fast."
788,They handled the fraud issue quickly and restored my account.
789,They handled the fraud issue quickly and restored my account.
790,"The fraud was detected, but I had to follow up several times."
791,They handled the fraud issue quickly and restored my account.
792,"I was scammed, and they did nothing to help."
793,"The fraud was detected, but I had to follow up several times."
794,They took the necessary steps to prevent fraud on my account.
795,They took the necessary steps to prevent fraud on my account.
796,"I had concerns about a scam, and they eventually addressed it."
797,"No proper support when I reported a scam, very disappointing."
798,"Their response to the scam was okay, but not very fast."
799,"Excellent fraud prevention, they detected the scam right away."
800,"I was scammed, and they did nothing to help."
801,They acted swiftly to protect me from fraudulent activity.
802,They took the necessary steps to prevent fraud on my account.
803,"It took some time, but the fraud issue was resolved."
804,"It took some time, but the fraud issue was resolved."
805,"I was scammed, and they did nothing to help."
806,"Fraud detection was adequate, but it could have been better."
807,"They were slow to act on a fraud alert, and I lost money."
808,"I was worried about a scam, but customer service reassured me and fixed the problem."
809,"It took some time, but the fraud issue was resolved."
810,"Fraud detection was adequate, but it could have been better."
811,"The fraud was detected, but I had to follow up several times."
812,They acted swiftly to protect me from fraudulent activity.
813,They took the necessary steps to prevent fraud on my account.
814,"Their fraud detection is terrible, I fell victim to a scam."
815,They took the necessary steps to prevent fraud on my account.
816,They acted swiftly to protect me from fraudulent activity.
817,I got scammed and they didn't even respond to my complaints.
818,"Their response to the scam was okay, but not very fast."
819,"Their fraud detection is terrible, I fell victim to a scam."
820,They handled the fraud issue quickly and restored my account.
821,"Fraud detection was adequate, but it could have been better."
822,"Their fraud detection is terrible, I fell victim to a scam."
823,They took the necessary steps to prevent fraud on my account.
824,"I had concerns about a scam, and they eventually addressed it."
825,"I had concerns about a scam, and they eventually addressed it."
826,I got scammed and they didn't even respond to my complaints.
827,"Fraud detection was adequate, but it could have been better."
828,They took the necessary steps to prevent fraud on my account.
829,"Excellent fraud prevention, they detected the scam right away."
830,"It took some time, but the fraud issue was resolved."
831,"I was worried about a scam, but customer service reassured me and fixed the problem."
832,I got scammed and they didn't even respond to my complaints.
833,"They were slow to act on a fraud alert, and I lost money."
834,"I had concerns about a scam, and they eventually addressed it."
835,"The fraud was detected, but I had to follow up several times."
836,They handled the fraud issue quickly and restored my account.
837,"It took some time, but the fraud issue was resolved."
838,They took the necessary steps to prevent fraud on my account.
839,"The fraud was detected, but I had to follow up several times."
840,"It took some time, but the fraud issue was resolved."
841,They handled the fraud issue quickly and restored my account.
842,"It took some time, but the fraud issue was resolved."
843,"The fraud was detected, but I had to follow up several times."
844,"I was scammed, and they did nothing to help."
845,"The fraud was detected, but I had to follow up several times."
846,"Their response to the scam was okay, but not very fast."
847,"It took some time, but the fraud issue was resolved."
848,"Their response to the scam was okay, but not very fast."
849,"I was scammed, and they did nothing to help."
850,"Excellent fraud prevention, they detected the scam right away."
851,They took the necessary steps to prevent fraud on my account.
852,"The fraud was detected, but I had to follow up several times."
853,"I was scammed, and they did nothing to help."
854,"I had concerns about a scam, and they eventually addressed it."
855,"I had concerns about a scam, and they eventually addressed it."
856,"They were slow to act on a fraud alert, and I lost money."
857,"Their fraud detection is terrible, I fell victim to a scam."
858,They handled the fraud issue quickly and restored my account.
859,"No proper support when I reported a scam, very disappointing."
860,"Their response to the scam was okay, but not very fast."
861,They acted swiftly to protect me from fraudulent activity.
862,They took the necessary steps to prevent fraud on my account.
863,"I was scammed, and they did nothing to help."
864,"They were slow to act on a fraud alert, and I lost money."
865,They acted swiftly to protect me from fraudulent activity.
866,"I was worried about a scam, but customer service reassured me and fixed the problem."
867,"I was scammed, and they did nothing to help."
868,"It took some time, but the fraud issue was resolved."
869,"I was worried about a scam, but customer service reassured me and fixed the problem."
870,"I was worried about a scam, but customer service reassured me and fixed the problem."
871,"The fraud was detected, but I had to follow up several times."
872,"They were slow to act on a fraud alert, and I lost money."
873,"Their fraud detection is terrible, I fell victim to a scam."
874,"They were slow to act on a fraud alert, and I lost money."
875,I got scammed and they didn't even respond to my complaints.
876,"They were slow to act on a fraud alert, and I lost money."
877,"Their response to the scam was okay, but not very fast."
878,They acted swiftly to protect me from fraudulent activity.
879,"Their response to the scam was okay, but not very fast."
880,"The fraud was detected, but I had to follow up several times."
881,"It took some time, but the fraud issue was resolved."
882,They took the necessary steps to prevent fraud on my account.
883,I got scammed and they didn't even respond to my complaints.
884,"I was scammed, and they did nothing to help."
885,"Their response to the scam was okay, but not very fast."
886,"It took some time, but the fraud issue was resolved."
887,"Fraud detection was adequate, but it could have been better."
888,"Their response to the scam was okay, but not very fast."
889,"It took some time, but the fraud issue was resolved."
890,"It took some time, but the fraud issue was resolved."
891,"It took some time, but the fraud issue was resolved."
892,"I had concerns about a scam, and they eventually addressed it."
893,"Their fraud detection is terrible, I fell victim to a scam."
894,"I had concerns about a scam, and they eventually addressed it."
895,They took the necessary steps to prevent fraud on my account.
896,I got scammed and they didn't even respond to my complaints.
897,"Their response to the scam was okay, but not very fast."
898,"They were slow to act on a fraud alert, and I lost money."
899,"I was scammed, and they did nothing to help."
900,"Their response to the scam was okay, but not very fast."
901,"Their fraud detection is terrible, I fell victim to a scam."
902,"The fraud was detected, but I had to follow up several times."
903,They acted swiftly to protect me from fraudulent activity.
904,"I was worried about a scam, but customer service reassured me and fixed the problem."
905,"They were slow to act on a fraud alert, and I lost money."
906,"Excellent fraud prevention, they detected the scam right away."
907,"They were slow to act on a fraud alert, and I lost money."
908,"The fraud was detected, but I had to follow up several times."
909,"No proper support when I reported a scam, very disappointing."
910,I got scammed and they didn't even respond to my complaints.
911,"Their fraud detection is terrible, I fell victim to a scam."
912,"I was scammed, and they did nothing to help."
913,"I was scammed, and they did nothing to help."
914,They handled the fraud issue quickly and restored my account.
915,"No proper support when I reported a scam, very disappointing."
916,"The fraud was detected, but I had to follow up several times."
917,They handled the fraud issue quickly and restored my account.
918,"They were slow to act on a fraud alert, and I lost money."
919,They handled the fraud issue quickly and restored my account.
920,They took the necessary steps to prevent fraud on my account.
921,"I was scammed, and they did nothing to help."
922,I got scammed and they didn't even respond to my complaints.
923,I got scammed and they didn't even respond to my complaints.
924,"The fraud was detected, but I had to follow up several times."
925,"I had concerns about a scam, and they eventually addressed it."
926,"Their fraud detection is terrible, I fell victim to a scam."
927,"Their fraud detection is terrible, I fell victim to a scam."
928,"Fraud detection was adequate, but it could have been better."
929,"No proper support when I reported a scam, very disappointing."
930,"No proper support when I reported a scam, very disappointing."
931,They handled the fraud issue quickly and restored my account.
932,"I was scammed, and they did nothing to help."
933,"No proper support when I reported a scam, very disappointing."
934,"The fraud was detected, but I had to follow up several times."
935,They took the necessary steps to prevent fraud on my account.
936,"Their fraud detection is terrible, I fell victim to a scam."
937,"I was scammed, and they did nothing to help."
938,"Their fraud detection is terrible, I fell victim to a scam."
939,They took the necessary steps to prevent fraud on my account.
940,"Fraud detection was adequate, but it could have been better."
941,"No proper support when I reported a scam, very disappointing."
942,"They were slow to act on a fraud alert, and I lost money."
943,"The fraud was detected, but I had to follow up several times."
944,They acted swiftly to protect me from fraudulent activity.
945,They handled the fraud issue quickly and restored my account.
946,They handled the fraud issue quickly and restored my account.
947,"I was scammed, and they did nothing to help."
948,"I was worried about a scam, but customer service reassured me and fixed the problem."
949,"No proper support when I reported a scam, very disappointing."
950,"It took some time, but the fraud issue was resolved."
951,They acted swiftly to protect me from fraudulent activity.
952,"Their response to the scam was okay, but not very fast."
953,"I was worried about a scam, but customer service reassured me and fixed the problem."
954,"I was worried about a scam, but customer service reassured me and fixed the problem."
955,"They were slow to act on a fraud alert, and I lost money."
956,"I had concerns about a scam, and they eventually addressed it."
957,"I had concerns about a scam, and they eventually addressed it."
958,They handled the fraud issue quickly and restored my account.
959,"No proper support when I reported a scam, very disappointing."
960,"They were slow to act on a fraud alert, and I lost money."
961,"I was worried about a scam, but customer service reassured me and fixed the problem."
962,"Their fraud detection is terrible, I fell victim to a scam."
963,They acted swiftly to protect me from fraudulent activity.
964,"No proper support when I reported a scam, very disappointing."
965,They handled the fraud issue quickly and restored my account.
966,"I was worried about a scam, but customer service reassured me and fixed the problem."
967,"Fraud detection was adequate, but it could have been better."
968,"No proper support when I reported a scam, very disappointing."
969,"I was worried about a scam, but customer service reassured me and fixed the problem."
970,They acted swiftly to protect me from fraudulent activity.
971,They handled the fraud issue quickly and restored my account.
972,They acted swiftly to protect me from fraudulent activity.
973,"Their response to the scam was okay, but not very fast."
974,They acted swiftly to protect me from fraudulent activity.
975,"It took some time, but the fraud issue was resolved."
976,"I had concerns about a scam, and they eventually addressed it."
977,"I had concerns about a scam, and they eventually addressed it."
978,"Fraud detection was adequate, but it could have been better."
979,They handled the fraud issue quickly and restored my account.
980,"Excellent fraud prevention, they detected the scam right away."
981,"I was worried about a scam, but customer service reassured me and fixed the problem."
982,"I had concerns about a scam, and they eventually addressed it."
983,"Fraud detection was adequate, but it could have been better."
984,"I had concerns about a scam, and they eventually addressed it."
985,"No proper support when I reported a scam, very disappointing."
986,They acted swiftly to protect me from fraudulent activity.
987,I got scammed and they didn't even respond to my complaints.
988,"Their response to the scam was okay, but not very fast."
989,"They were slow to act on a fraud alert, and I lost money."
990,They acted swiftly to protect me from fraudulent activity.
991,"I was scammed, and they did nothing to help."
992,They acted swiftly to protect me from fraudulent activity.
993,"I was scammed, and they did nothing to help."
994,"Fraud detection was adequate, but it could have been better."
995,"I was scammed, and they did nothing to help."
996,"The fraud was detected, but I had to follow up several times."
997,"I was worried about a scam, but customer service reassured me and fixed the problem."
998,"I had concerns about a scam, and they eventually addressed it."
999,They handled the fraud issue quickly and restored my account.
1000,"They were slow to act on a fraud alert, and I lost money."
